Question,chien,chat,cheval,vache,mouton,chèvre,cochon,âne,lapin,hamster,souris,rat,furet,loutre,belette,blaireau,renard,loup,ours,panda,koala,kangourou,lion,tigre,léopard,panthère,guépard,jaguar,lynx,éléphant,rhinocéros,hippopotame,girafe,zèbre,antiloppe,gazelle,singe,babouin,macaque,gorille,chimpanzé,bonobo,orang-outan,lémurien,paresseux,fourmilier,pangolin,ornithorynque,hérisson,taupe,écureuil,marmotte,castor,ragondin,porc-épic,dauphin,baleine,orque,phoque,otarie,morse,requin,raie manta,raie,poisson-clown,méduse,étoile de mer,oursin,holothurie,crabe,homard,langouste,crevette,pieuvre,calmar,seiche,escargot,limace,bigorneau,huître,moule,grenouille,crapaud,salamandre,axolotl,caméléon,gecko,serpent,cobra,python,boa,vipère,couleuvre,anaconda,tortue,crocodile,lézard,chauve-souris,poule,coq,canard,oie,dinde,pintade,caille,faisan,paon,cygne,moineau,pigeon,colombe,tourterelle,corbeau,corneille,pie,geai,étourneau,merle,aigle,faucon,buse,milan,vautour,condor,hibou,chouette,perroquet,perruche,colibri,martin-pêcheur,pingouin,manchot,albatros,goéland,mouette,pélican,cormoran,abeille,bourdon,guêpe,frelon,fourmi,termite,scarabée,coccinelle,hanneton,luciole,papillon,mite,libellule,moustique,mouche,araignée,scorpion,acarien,tique,puce,cloporte,chien-loup,coyote,chacal,hyène,suricate,hippocampe,criquet,sauterelle,grillon,phasme,mante religieuse,blatte,punaise,charançon,ver de terre,sangsue,homme,chameau,licorne
Compteur d'apparitions,2,1,2,1,1,1,1,1,2,1,1,1,1,1,1,1,1,1,1,1,1,1,1,1,1,1,1,1,1,1,1,1,1,1,1,1,1,1,1,1,1,1,1,1,1,1,1,1,1,1,1,1,1,1,1,1,1,1,1,1,1,1,1,1,1,1,1,1,1,1,1,1,1,1,1,1,1,1,1,1,1,1,1,1,1,1,1,1,1,1,1,1,1,1,1,1,1,3,1,1,1,1,1,1,1,1,1,1,1,1,1,1,1,1,1,1,1,1,1,1,1,1,1,1,1,1,1,1,1,1,1,1,1,1,1,1,1,1,1,1,1,1,1,1,1,1,1,1,1,1,1,1,1,1,1,1,1,1,1,1,1,1,1,1,1,1,1,1,1,1,1,1,1,1,1,1,1
Vit-il principalement sur le sol terrestre ?,1.000,1.000,1.000,1.000,1.000,0.950,1.000,1.000,1.000,1.000,1.000,1.000,0.750,1.000,0.950,1.000,0.950,1.000,0.950,0.950,0.250,0.750,1.000,0.950,1.000,1.000,1.000,1.000,0.250,1.000,1.000,1.000,1.000,1.000,1.000,1.000,1.000,1.000,0.950,1.000,0.500,0.950,0.950,0.250,0.000,0.950,0.750,1.000,1.000,1.000,0.950,1.000,1.000,1.000,0.950,0.000,0.000,0.000,0.250,0.500,0.000,0.000,0.000,0.000,0.000,0.000,0.000,0.950,0.000,0.250,0.000,0.000,0.000,0.000,0.000,0.000,1.000,1.000,0.750,0.250,0.000,0.000,1.000,0.250,0.000,0.000,0.950,0.950,0.500,0.250,0.500,0.500,0.950,0.000,1.000,0.950,1.000,0.000,1.000,1.000,0.000,0.000,1.000,0.950,1.000,1.000,0.250,0.950,1.000,1.000,1.000,0.950,0.950,0.950,1.000,0.950,1.000,1.000,0.000,0.250,0.000,0.000,0.250,0.250,0.750,0.250,0.000,0.000,0.000,0.950,0.000,0.750,0.000,0.250,0.000,0.000,0.000,0.000,0.000,0.000,0.000,1.000,0.950,1.000,0.950,0.950,0.250,0.000,0.750,0.000,0.000,0.000,1.000,1.000,1.000,0.750,1.000,0.750,1.000,1.000,1.000,0.950,1.000,0.250,1.000,1.000,0.950,0.950,1.000,1.000,1.000,1.000,1.000,0.750,1.000,1.000,0.500
Vit-il principalement dans l'eau ?,0.000,0.000,0.000,0.000,0.000,0.000,0.000,0.000,0.000,0.000,0.000,0.000,0.000,1.000,0.000,0.750,0.000,0.000,0.000,0.000,0.000,0.000,0.000,0.000,0.000,0.000,0.000,0.000,0.000,0.000,0.000,0.750,0.000,0.000,0.000,0.000,0.000,0.000,0.000,0.000,0.000,0.000,0.000,0.000,0.000,0.000,0.000,0.250,0.000,0.000,0.000,0.000,0.500,0.750,0.250,1.000,0.950,1.000,1.000,0.750,0.750,1.000,0.950,0.950,1.000,1.000,0.750,1.000,1.000,0.750,1.000,0.750,1.000,0.950,1.000,0.950,0.000,0.250,1.000,1.000,1.000,0.500,0.500,0.750,0.950,0.000,0.000,0.000,0.000,0.000,0.000,0.000,0.000,0.500,0.500,0.500,0.000,0.250,0.000,0.000,0.500,0.000,0.000,0.250,0.000,0.000,0.000,0.750,0.000,0.000,0.000,0.000,0.000,0.000,0.000,0.000,0.000,0.000,0.000,0.000,0.000,0.000,0.000,0.000,0.000,0.000,0.000,0.000,0.000,0.500,0.750,0.750,0.000,0.250,0.250,1.000,0.750,0.000,0.000,0.000,0.000,0.000,0.000,0.000,0.000,0.000,0.000,0.000,0.250,0.000,0.500,0.250,0.000,0.000,0.000,0.000,0.000,0.000,0.000,0.000,0.000,0.000,0.000,0.750,0.000,0.000,0.000,0.000,0.000,0.000,0.500,0.000,0.000,1.000,0.000,0.000,0.500
Vit-il aussi bien sur terre que dans l'eau ?,0.000,0.000,0.250,0.000,0.000,0.250,0.750,0.000,0.900,0.000,0.950,0.250,0.000,0.950,0.750,0.250,1.000,0.000,0.250,0.000,0.000,1.000,0.000,0.000,0.000,0.000,0.000,0.250,0.000,0.000,0.000,0.250,0.950,0.000,0.950,0.000,0.000,0.950,0.250,0.000,0.000,0.000,0.000,0.500,0.750,0.000,0.250,0.750,0.000,0.000,0.950,0.250,0.250,0.250,0.250,0.950,0.000,0.000,0.950,0.000,0.750,0.000,0.750,0.000,0.000,0.500,0.250,0.250,0.000,0.750,0.500,0.750,0.250,0.250,0.000,0.250,0.000,0.000,1.000,0.000,0.000,0.950,0.750,0.750,0.000,0.950,0.000,0.250,0.250,0.250,0.000,0.000,0.000,0.750,0.750,0.750,0.500,0.250,0.250,1.000,0.950,0.750,0.000,0.000,0.950,0.950,0.950,0.000,1.000,0.250,0.950,0.950,0.950,0.950,0.500,0.950,0.250,0.950,1.000,0.000,0.500,1.000,0.000,0.250,0.000,0.000,0.000,0.000,0.250,0.750,0.750,0.750,0.250,1.000,1.000,0.750,0.250,0.000,0.000,0.000,0.250,0.950,0.500,0.000,0.950,0.000,0.250,0.000,0.000,0.250,0.500,0.000,0.250,0.000,0.500,0.000,0.950,0.750,0.500,0.950,0.000,0.000,0.000,0.750,0.950,0.500,0.950,0.000,0.500,1.000,0.250,0.000,0.950,0.250,1.000,0.000,0.000
Vit-il principalement en mer ?,0.000,0.250,0.000,0.000,0.000,0.000,0.000,0.000,0.000,0.000,0.000,0.000,0.000,0.000,0.000,0.000,0.000,0.000,0.000,0.000,0.000,0.000,0.000,0.000,0.000,0.000,0.000,0.000,0.000,0.000,0.000,0.000,0.000,0.000,0.000,0.000,0.000,0.000,0.000,0.000,0.000,0.000,0.000,0.000,0.000,0.250,0.000,0.750,0.000,0.000,0.000,0.000,0.000,0.000,0.000,1.000,1.000,1.000,0.950,0.950,1.000,1.000,0.950,1.000,1.000,1.000,1.000,1.000,1.000,1.000,1.000,1.000,1.000,0.950,1.000,0.950,0.000,0.000,1.000,0.750,1.000,0.000,0.000,0.000,0.000,0.000,0.000,0.500,0.000,0.000,0.000,0.000,1.000,0.250,0.500,0.750,0.000,0.000,0.000,0.000,0.500,0.750,0.000,0.000,0.000,0.000,0.000,0.000,0.000,0.000,0.000,0.000,0.000,0.000,1.000,0.000,0.000,0.000,0.000,0.000,0.000,0.000,0.000,0.000,0.000,0.000,0.000,0.000,0.000,0.500,1.000,0.750,1.000,1.000,1.000,1.000,1.000,0.000,0.000,0.000,0.000,0.000,0.000,0.000,0.000,0.000,0.000,0.000,0.000,0.000,0.000,0.000,0.000,0.000,0.000,0.000,0.000,0.000,0.250,0.000,0.000,0.000,0.000,1.000,0.000,0.000,0.000,0.000,0.000,0.000,0.000,0.000,0.000,0.000,0.000,0.000,0.000
Vit-il en eau douce ?,0.000,0.000,0.000,0.000,0.000,0.000,0.000,0.000,0.000,0.000,0.000,0.000,0.000,1.000,0.000,0.750,0.000,0.000,0.000,0.000,0.000,0.000,0.000,0.000,0.000,0.000,0.000,0.000,0.000,0.000,0.000,1.000,0.000,0.000,0.000,0.000,0.000,0.000,0.500,0.000,0.000,0.000,0.000,0.000,0.000,0.000,0.000,0.750,0.000,0.000,0.000,0.000,1.000,1.000,0.000,0.000,0.000,0.000,0.000,0.000,0.750,0.000,0.000,0.000,0.000,0.000,0.000,0.000,0.000,0.500,0.000,0.000,0.500,0.000,0.250,0.000,0.500,0.000,0.250,1.000,1.000,1.000,1.000,0.750,1.000,0.000,0.000,0.750,0.000,0.500,0.000,0.000,1.000,0.500,0.750,1.000,0.000,0.000,0.000,0.000,0.750,1.000,0.000,1.000,0.000,0.000,0.000,1.000,0.000,0.000,0.000,0.000,0.000,0.000,0.000,0.000,0.000,0.000,0.000,0.000,0.000,0.000,0.000,0.000,0.000,0.000,0.000,0.000,0.000,1.000,0.250,0.000,0.000,0.000,0.000,0.000,0.250,0.000,0.000,0.000,0.000,0.000,0.000,0.000,0.000,0.000,0.000,0.000,0.000,0.750,1.000,0.000,0.000,0.000,0.000,0.000,0.000,0.750,0.000,0.000,0.000,0.000,0.000,0.250,0.000,0.000,0.000,0.000,0.000,0.000,0.500,0.000,0.000,1.000,0.000,0.000,0.500
Vit-il dans les arbres ?,0.000,0.250,0.000,0.000,0.000,0.250,0.000,0.000,0.000,0.000,0.000,0.500,0.000,0.000,0.250,0.000,0.000,0.000,0.000,1.000,0.750,0.000,0.000,0.000,1.000,0.500,0.000,0.750,0.000,0.000,0.000,0.000,0.000,0.000,0.000,0.000,0.950,0.750,0.500,0.000,1.000,1.000,0.950,0.750,0.950,1.000,0.000,0.250,0.000,0.000,1.000,0.100,0.000,0.000,1.000,0.000,0.000,0.000,0.000,0.000,0.000,0.000,0.000,0.000,0.000,0.000,0.000,0.000,0.000,0.000,0.000,0.000,0.000,0.000,0.000,0.000,0.000,0.000,0.000,0.000,0.000,0.000,0.000,0.000,0.000,1.000,1.000,0.250,0.000,0.500,0.750,0.000,0.000,0.000,0.000,0.000,0.500,0.750,0.000,0.000,0.000,0.000,0.000,0.000,0.000,0.000,1.000,0.000,1.000,0.000,1.000,0.750,0.250,1.000,1.000,0.750,1.000,0.500,0.750,0.250,1.000,0.000,0.000,0.000,1.000,0.750,1.000,1.000,0.750,0.000,0.000,0.000,0.000,0.000,0.000,0.000,0.250,0.000,0.000,0.000,0.000,1.000,0.000,0.500,0.000,0.000,0.000,0.000,0.000,0.000,0.500,0.000,0.500,0.000,0.000,0.000,0.000,0.000,0.000,0.000,0.000,0.000,0.000,0.000,0.000,0.000,0.000,0.250,0.500,0.000,0.000,0.500,0.000,0.000,0.000,0.000,0.500
Vit-il sous terre ?,0.000,0.000,0.000,0.000,0.000,0.000,0.000,0.000,0.075,1.000,0.000,0.000,1.000,0.000,0.750,0.000,0.500,0.000,0.000,0.000,0.000,0.000,0.000,0.000,0.000,0.000,0.000,0.000,0.000,0.000,0.000,0.000,0.000,0.000,0.000,0.000,0.000,0.000,1.000,0.000,0.000,0.000,0.000,0.000,0.000,0.950,1.000,0.000,0.750,1.000,0.000,0.500,0.000,0.000,0.500,0.000,0.000,0.000,0.250,0.000,0.000,0.000,0.000,0.000,0.000,0.000,0.750,0.950,0.000,0.500,0.000,0.000,0.000,0.000,0.000,0.000,1.000,0.750,0.000,0.000,0.000,0.000,0.750,0.750,0.250,0.000,0.000,0.500,0.000,1.000,0.000,0.000,1.000,0.000,0.000,0.750,0.000,1.000,0.000,0.000,0.000,0.000,0.000,0.000,0.000,0.000,0.000,0.000,0.000,0.000,0.000,0.000,0.000,0.000,0.000,0.000,0.000,0.000,0.000,0.000,0.000,0.000,0.000,0.000,0.000,0.000,0.000,0.000,0.000,0.000,0.000,0.250,0.000,0.000,0.000,0.000,0.000,0.000,1.000,0.000,0.000,1.000,0.950,0.000,0.000,0.500,0.000,0.000,0.750,0.000,0.000,0.000,1.000,0.750,0.500,0.000,0.000,0.000,0.000,0.000,0.000,0.000,0.000,0.000,0.750,0.000,0.500,0.000,0.000,0.000,0.500,0.500,1.000,0.950,0.000,1.000,0.000
Vit-il dans des régions tropicales ?,1.000,0.500,0.500,1.000,0.000,0.000,0.500,0.250,0.000,0.000,0.750,1.000,0.000,0.500,0.500,0.000,0.750,0.000,0.500,0.000,0.500,1.000,0.500,1.000,1.000,0.000,1.000,1.000,0.500,1.000,1.000,1.000,0.750,0.500,0.500,0.500,1.000,1.000,0.750,0.500,1.000,1.000,1.000,1.000,1.000,1.000,1.000,0.500,0.000,0.000,0.250,0.000,0.750,0.500,1.000,1.000,0.500,0.750,0.000,0.000,0.000,0.750,1.000,0.500,1.000,0.750,0.750,0.750,0.750,0.500,0.000,0.750,0.750,1.000,1.000,0.750,0.750,0.500,1.000,0.500,1.000,0.750,0.750,0.500,0.750,1.000,0.750,0.750,0.750,1.000,1.000,0.500,0.750,1.000,0.750,0.750,0.750,0.500,0.500,1.000,0.750,0.750,1.000,0.500,0.000,0.250,0.750,0.000,0.750,0.750,0.500,0.500,1.000,0.500,1.000,0.500,0.000,0.000,0.000,0.750,0.500,1.000,0.500,0.250,0.750,0.750,1.000,1.000,0.750,0.750,0.000,0.000,0.000,0.000,0.750,0.750,1.000,1.000,0.750,0.750,1.000,0.500,1.000,0.500,0.750,0.250,0.500,0.750,0.750,0.500,1.000,0.750,0.750,0.750,0.750,1.000,1.000,0.000,0.000,0.000,0.000,1.000,0.750,0.750,0.750,0.500,0.750,1.000,0.750,0.750,0.500,0.500,0.000,0.750,0.750,0.250,0.500
Vit-il dans des régions froides ?,1.000,1.000,0.750,1.000,1.000,0.750,1.000,0.000,0.550,1.000,0.750,1.000,1.000,1.000,0.750,1.000,1.000,1.000,0.750,1.000,0.000,0.500,0.000,1.000,0.000,0.000,0.000,0.000,0.750,0.000,0.250,0.500,0.000,0.000,0.000,0.000,0.500,0.000,0.500,1.000,0.000,0.000,0.000,0.000,0.000,0.500,0.000,1.000,1.000,0.750,0.750,1.000,1.000,0.000,0.000,1.000,1.000,0.500,1.000,1.000,1.000,1.000,1.000,0.500,0.000,0.750,0.750,0.500,0.750,0.500,0.750,1.000,1.000,0.750,0.500,0.500,0.500,0.250,0.750,0.500,0.500,1.000,0.750,0.500,0.750,0.250,0.000,0.000,0.000,0.000,0.250,0.500,0.750,0.000,0.750,0.000,0.500,1.000,0.500,0.000,0.750,1.000,0.750,1.000,0.250,1.000,0.000,1.000,1.000,0.500,0.500,0.500,0.750,1.000,0.750,0.750,1.000,0.500,0.750,0.500,0.500,0.750,0.500,0.500,0.500,0.750,0.000,0.500,0.000,1.000,1.000,1.000,0.750,0.500,0.750,0.000,0.750,0.500,0.500,0.750,0.500,0.750,0.000,0.250,0.750,0.000,0.500,0.750,0.500,0.750,0.750,0.250,1.000,0.000,0.500,0.500,0.000,0.000,0.750,0.750,0.750,0.000,0.000,0.500,0.250,1.000,0.250,0.000,0.000,0.750,0.500,0.750,0.250,0.500,1.000,0.500,0.500
Vit-il près des humains ?,1.000,1.000,1.000,1.000,1.000,1.000,0.750,0.750,0.750,0.750,1.000,1.000,0.500,0.250,1.000,0.250,1.000,0.500,0.750,0.500,0.750,0.750,0.750,1.000,0.500,0.750,0.750,0.500,0.250,0.750,0.750,0.500,0.000,1.000,0.500,0.750,0.500,1.000,1.000,1.000,0.750,0.750,0.750,0.500,0.000,0.500,0.500,0.000,0.750,0.500,1.000,0.750,0.750,0.500,0.250,0.750,0.750,0.750,0.750,0.750,0.500,1.000,0.750,0.750,0.750,1.000,0.750,0.750,0.250,0.500,1.000,1.000,0.750,0.750,0.500,0.500,0.500,0.500,1.000,0.750,0.750,0.750,1.000,0.500,0.500,0.500,1.000,0.500,1.000,0.750,0.000,1.000,0.750,0.500,0.750,1.000,0.750,0.500,0.950,1.000,1.000,0.750,1.000,1.000,1.000,1.000,0.750,1.000,1.000,1.000,0.950,1.000,0.950,0.750,0.950,0.750,1.000,0.750,0.500,0.750,0.750,0.750,0.750,0.000,0.250,0.750,1.000,0.750,0.750,0.750,0.500,0.250,0.750,0.750,1.000,0.750,0.750,0.750,0.750,0.750,0.000,1.000,0.750,1.000,1.000,0.750,0.750,1.000,1.000,0.750,1.000,0.750,0.750,1.000,1.000,1.000,1.000,0.750,0.500,1.000,0.750,1.000,1.000,0.250,0.750,0.750,1.000,0.500,0.750,0.250,1.000,0.750,0.750,0.750,1.000,1.000,0.000
Est-ce un mammifère ?,1.000,1.000,1.000,1.000,1.000,1.000,1.000,1.000,1.000,1.000,1.000,1.000,1.000,1.000,1.000,1.000,1.000,1.000,1.000,1.000,1.000,1.000,1.000,1.000,1.000,1.000,1.000,1.000,1.000,1.000,1.000,1.000,1.000,1.000,1.000,1.000,1.000,1.000,1.000,1.000,1.000,1.000,1.000,1.000,1.000,0.000,1.000,1.000,1.000,1.000,1.000,1.000,1.000,1.000,1.000,1.000,1.000,1.000,1.000,1.000,1.000,0.000,1.000,0.000,0.000,0.000,0.000,0.000,0.000,0.000,0.000,0.000,0.000,0.000,0.000,0.000,0.000,0.000,0.000,0.000,0.000,0.000,0.000,0.000,0.000,0.000,0.000,0.000,0.000,0.000,1.000,0.000,0.000,1.000,0.000,0.000,0.000,1.000,0.000,0.000,0.000,0.000,0.000,0.000,0.000,0.000,0.000,1.000,0.000,0.000,0.000,0.000,0.000,0.000,0.000,1.000,0.000,0.000,0.000,0.000,0.000,0.000,1.000,0.000,0.000,1.000,0.000,0.000,0.000,1.000,0.000,0.000,1.000,0.000,0.000,1.000,0.000,0.000,0.000,0.000,0.000,0.000,0.000,0.000,0.000,0.000,0.000,0.000,0.000,0.000,0.000,0.000,0.000,0.000,0.000,0.000,0.000,0.000,1.000,1.000,1.000,1.000,1.000,0.000,0.000,0.000,0.000,0.000,0.000,0.000,0.000,0.000,0.000,0.000,1.000,1.000,0.000
Est-ce un oiseau ?,0.000,0.000,0.000,0.000,0.000,0.000,0.000,0.000,0.000,0.000,0.000,0.000,0.000,0.000,0.000,0.000,0.000,0.000,0.000,0.000,0.000,0.000,0.000,0.000,0.000,0.000,0.000,0.000,0.000,0.000,0.000,0.000,0.000,0.000,0.000,0.000,0.000,0.000,0.000,0.000,0.000,0.000,0.000,0.000,0.000,0.000,0.000,0.000,0.000,0.000,0.000,0.000,0.000,0.000,0.250,0.000,0.000,0.000,0.000,0.000,0.000,0.000,0.000,0.000,0.000,0.000,0.000,0.000,0.000,0.000,0.000,0.000,0.000,0.000,0.000,0.000,0.000,0.000,0.000,0.000,0.000,0.000,0.000,0.000,0.000,0.000,0.000,0.000,0.000,0.000,0.000,0.000,0.000,0.000,0.000,0.000,0.000,0.203,1.000,1.000,1.000,1.000,1.000,1.000,1.000,1.000,1.000,1.000,1.000,1.000,1.000,1.000,1.000,1.000,1.000,1.000,1.000,1.000,1.000,1.000,1.000,1.000,1.000,1.000,1.000,1.000,1.000,1.000,1.000,0.950,1.000,0.750,1.000,1.000,1.000,1.000,1.000,0.000,0.000,0.000,0.000,0.000,0.000,0.000,0.000,0.000,0.000,0.000,0.000,0.000,0.000,0.000,0.000,0.000,0.000,0.000,0.000,0.000,0.000,0.000,0.000,0.000,0.000,0.000,0.000,0.000,0.000,0.000,0.000,0.000,0.000,0.000,0.000,0.000,0.000,0.000,0.000
Est-ce un reptile ?,0.000,0.000,0.000,0.000,0.000,0.000,0.000,0.000,0.000,0.000,0.000,0.000,0.000,0.000,0.000,0.000,0.000,0.000,0.000,0.000,0.000,0.000,0.000,0.000,0.000,0.000,0.000,0.000,0.000,0.000,0.000,0.000,0.000,0.000,0.000,0.000,0.000,0.000,0.000,0.000,0.000,0.000,0.000,0.000,0.000,0.000,0.000,0.000,0.250,0.000,0.000,0.000,0.000,0.000,0.250,0.000,0.000,0.000,0.000,0.000,0.000,0.000,0.000,0.000,0.000,0.000,0.000,0.000,0.000,0.000,0.000,0.000,0.000,0.000,0.000,0.000,0.000,0.000,0.000,0.000,0.000,0.000,0.000,0.000,0.000,0.950,1.000,1.000,1.000,1.000,1.000,1.000,1.000,1.000,1.000,1.000,1.000,0.000,0.000,0.000,0.000,0.000,0.000,0.000,0.000,0.000,0.000,0.000,0.000,0.000,0.000,0.000,0.000,0.000,0.000,0.000,0.000,0.000,0.000,0.000,0.000,0.000,0.000,0.000,0.000,0.000,0.000,0.000,0.000,0.000,0.000,0.000,0.000,0.000,0.000,0.000,0.000,0.000,0.000,0.000,0.000,0.000,0.000,0.000,0.000,0.000,0.000,0.000,0.000,0.000,0.000,0.000,0.000,0.000,0.000,0.000,0.000,0.000,0.000,0.000,0.000,0.000,0.000,0.000,0.000,0.000,0.000,0.000,0.000,0.000,0.000,0.000,0.000,0.000,0.000,0.000,0.000
Est-ce un amphibien ?,0.000,0.000,0.000,0.000,0.000,0.000,0.000,0.000,0.000,0.000,0.000,0.000,0.000,0.000,0.000,0.000,0.000,0.000,0.000,0.000,0.000,0.000,0.000,0.000,0.000,0.000,0.000,0.000,0.000,0.000,0.000,0.000,0.000,0.000,0.000,0.000,0.000,0.000,0.000,0.000,0.000,0.000,0.000,0.000,0.000,0.000,0.000,0.000,0.000,0.000,0.000,0.000,0.000,0.000,0.000,0.000,0.000,0.000,0.000,0.000,0.000,0.000,0.000,0.000,0.000,0.000,0.000,0.000,0.000,0.000,0.000,0.000,0.000,0.000,0.000,0.000,0.000,0.000,0.000,0.000,0.000,1.000,1.000,1.000,1.000,0.000,0.000,0.000,0.000,0.000,0.000,0.000,0.000,0.000,0.000,0.000,0.000,0.000,0.000,0.000,0.000,0.000,0.000,0.000,0.000,0.000,0.000,0.000,0.000,0.000,0.000,0.000,0.000,0.000,0.000,0.000,0.000,0.000,0.000,0.000,0.000,0.000,0.000,0.000,0.000,0.000,0.000,0.000,0.000,0.000,0.000,0.000,0.000,0.000,0.000,0.000,0.000,0.000,0.000,0.000,0.000,0.000,0.000,0.000,0.000,0.000,0.000,0.000,0.000,0.000,0.000,0.000,0.000,0.000,0.000,0.000,0.000,0.000,0.000,0.000,0.000,0.000,0.000,0.000,0.000,0.000,0.000,0.000,0.000,0.000,0.000,0.000,0.000,0.000,0.000,0.000,0.500
Est-ce un poisson ?,0.000,0.000,0.000,0.000,0.000,0.000,0.000,0.000,0.000,0.000,0.000,0.000,0.000,0.000,0.000,0.000,0.000,0.000,0.000,0.000,0.000,0.000,0.000,0.000,0.000,0.000,0.000,0.000,0.000,0.000,0.000,0.000,0.000,0.000,0.000,0.000,0.000,0.000,0.000,0.000,0.000,0.000,0.000,0.000,0.000,0.000,0.000,0.000,0.000,0.000,0.000,0.000,0.000,0.000,0.000,0.250,0.000,0.000,0.250,0.000,0.250,1.000,0.000,0.000,0.950,0.000,0.000,0.000,0.000,0.000,0.000,0.000,0.000,0.000,0.000,0.000,0.000,0.000,0.000,0.250,0.000,0.000,0.000,0.000,0.000,0.000,0.000,0.000,0.000,0.000,0.000,0.000,0.000,0.000,0.000,0.000,0.000,0.000,0.000,0.000,0.000,0.000,0.000,0.000,0.000,0.000,0.000,0.000,0.000,0.000,0.000,0.000,0.000,0.000,0.000,0.000,0.000,0.000,0.000,0.000,0.000,0.000,0.000,0.000,0.000,0.000,0.000,0.000,0.000,0.000,0.000,0.000,0.000,0.000,0.000,0.000,0.000,0.000,0.000,0.000,0.000,0.000,0.000,0.000,0.000,0.000,0.000,0.000,0.000,0.000,0.000,0.000,0.000,0.000,0.000,0.000,0.000,0.000,0.000,0.000,0.000,0.000,0.000,0.750,0.000,0.000,0.000,0.000,0.000,0.000,0.000,0.000,0.000,0.250,0.000,0.000,0.000
Est-ce un insecte ?,0.000,0.000,0.000,0.000,0.000,0.000,0.000,0.000,0.000,0.000,0.000,0.000,0.000,0.000,0.000,0.000,0.000,0.000,0.000,0.000,0.000,0.000,0.000,0.000,0.000,0.000,0.000,0.000,0.000,0.000,0.000,0.000,0.000,0.000,0.000,0.000,0.000,0.000,0.000,0.000,0.000,0.000,0.000,0.000,0.000,1.000,0.000,0.000,0.000,0.000,0.000,0.000,0.000,0.000,0.000,0.000,0.000,0.000,0.000,0.000,0.000,0.000,0.000,0.000,0.000,0.000,0.000,0.000,0.000,0.000,0.000,0.000,0.000,0.000,0.000,0.000,0.000,0.000,0.000,0.000,0.000,0.000,0.000,0.000,0.000,0.000,0.000,0.000,0.000,0.000,0.000,0.000,0.000,0.000,0.000,0.000,0.000,0.000,0.000,0.000,0.000,0.000,0.000,0.000,0.000,0.000,0.000,0.000,0.000,0.000,0.000,0.000,0.000,0.000,0.000,0.000,0.000,0.000,0.000,0.000,0.000,0.000,0.000,0.000,0.000,0.000,0.000,0.000,0.000,0.000,0.000,0.000,0.000,0.000,0.000,0.000,0.000,1.000,1.000,1.000,1.000,1.000,1.000,1.000,1.000,1.000,1.000,1.000,1.000,1.000,1.000,1.000,0.000,0.000,0.000,0.000,1.000,1.000,0.000,0.000,0.000,0.000,0.000,0.000,1.000,1.000,1.000,1.000,1.000,1.000,1.000,1.000,0.000,0.000,0.000,0.000,0.250
Est-ce un mollusque ?,0.000,0.000,0.000,0.000,0.000,0.000,0.000,0.000,0.000,0.000,0.000,0.000,0.000,0.000,0.000,0.000,0.000,0.000,0.000,0.000,0.000,0.000,0.000,0.000,0.000,0.000,0.000,0.000,0.000,0.000,0.000,0.000,0.000,0.000,0.000,0.000,0.000,0.000,0.000,0.000,0.000,0.000,0.000,0.000,0.000,0.000,0.000,0.000,0.000,0.000,0.000,0.000,0.000,0.000,0.000,0.000,0.000,0.000,0.000,0.000,0.000,0.000,0.000,0.000,0.000,0.000,0.000,0.000,0.000,0.000,0.000,0.000,0.000,1.000,1.000,1.000,1.000,1.000,1.000,1.000,0.500,0.000,0.000,0.000,0.000,0.000,0.000,0.000,0.000,0.000,0.000,0.000,0.000,0.000,0.000,0.000,0.000,0.000,0.000,0.000,0.000,0.000,0.000,0.000,0.000,0.000,0.000,0.000,0.000,0.000,0.000,0.000,0.000,0.000,0.000,0.000,0.000,0.000,0.000,0.000,0.000,0.000,0.000,0.000,0.000,0.000,0.000,0.000,0.000,0.000,0.000,0.000,0.000,0.000,0.000,0.000,0.000,0.000,0.000,0.000,0.000,0.000,0.000,0.000,0.000,0.000,0.000,0.000,0.000,0.000,0.000,0.000,0.000,0.000,0.000,0.000,0.000,0.000,0.000,0.000,0.000,0.000,0.000,0.000,0.000,0.000,0.000,0.000,0.000,0.000,0.000,0.000,0.000,0.950,0.000,0.000,0.000
Est-ce un vertébré ?,1.000,1.000,1.000,1.000,1.000,1.000,1.000,1.000,1.000,1.000,1.000,1.000,1.000,1.000,1.000,1.000,1.000,1.000,1.000,1.000,1.000,1.000,1.000,1.000,1.000,1.000,1.000,1.000,1.000,1.000,1.000,1.000,1.000,1.000,1.000,1.000,1.000,1.000,1.000,1.000,1.000,1.000,1.000,1.000,1.000,0.000,1.000,1.000,1.000,1.000,1.000,1.000,1.000,1.000,1.000,1.000,1.000,1.000,1.000,1.000,1.000,1.000,1.000,1.000,1.000,0.000,0.000,0.000,0.000,0.000,0.000,0.000,0.000,0.000,1.000,1.000,0.000,0.000,0.000,0.000,0.000,1.000,1.000,1.000,1.000,1.000,1.000,1.000,1.000,1.000,1.000,1.000,1.000,1.000,1.000,1.000,1.000,1.000,1.000,1.000,1.000,1.000,1.000,1.000,1.000,1.000,1.000,1.000,1.000,1.000,1.000,1.000,1.000,1.000,1.000,1.000,1.000,1.000,1.000,1.000,1.000,1.000,1.000,1.000,1.000,1.000,1.000,1.000,1.000,1.000,1.000,1.000,1.000,1.000,1.000,1.000,1.000,0.000,0.000,0.000,0.000,0.000,0.000,0.000,0.000,0.000,0.000,0.000,0.000,0.000,0.000,0.000,0.000,0.000,0.000,0.000,0.000,0.250,1.000,1.000,1.000,1.000,1.000,1.000,0.000,0.000,0.000,0.000,0.000,0.000,0.000,0.000,0.000,0.000,1.000,1.000,1.000
Peut-il voler ?,0.000,0.000,0.000,0.000,0.000,0.000,0.000,0.000,0.000,0.000,0.000,0.000,0.000,0.000,0.000,0.000,0.000,0.000,0.000,0.000,0.000,0.000,0.000,0.000,0.000,0.000,0.000,0.000,0.000,0.000,0.000,0.000,0.000,0.000,0.000,0.000,0.000,0.000,0.000,0.000,0.000,0.000,0.000,0.000,0.000,0.000,0.000,0.000,0.000,0.000,0.500,0.000,0.000,0.000,0.000,0.000,0.000,0.000,0.000,0.000,0.000,0.000,0.000,0.000,0.000,0.000,0.000,0.000,0.000,0.000,0.000,0.000,0.000,0.000,0.000,0.000,0.000,0.000,0.000,0.000,0.000,0.000,0.000,0.000,0.000,0.000,0.000,0.000,0.000,0.000,0.000,0.000,0.000,0.000,0.000,0.000,0.000,1.000,0.750,1.000,1.000,1.000,1.000,0.250,1.000,0.750,1.000,1.000,1.000,1.000,1.000,1.000,1.000,1.000,1.000,1.000,1.000,1.000,1.000,1.000,1.000,1.000,1.000,1.000,1.000,1.000,0.950,1.000,1.000,1.000,0.000,0.000,1.000,1.000,1.000,0.000,1.000,1.000,1.000,1.000,1.000,0.000,0.750,0.750,1.000,0.250,0.750,1.000,0.000,1.000,1.000,1.000,0.000,0.000,0.000,0.000,0.000,0.000,0.000,0.000,0.000,0.000,0.000,0.000,1.000,0.750,0.250,0.000,0.000,0.000,0.000,0.750,0.000,0.000,0.000,0.000,0.000
Peut-il nager ?,1.000,0.750,0.750,0.250,0.000,0.750,0.750,1.000,0.050,0.750,0.750,1.000,0.250,1.000,1.000,1.000,0.750,1.000,1.000,1.000,0.000,0.250,0.500,1.000,1.000,1.000,0.750,1.000,0.750,1.000,0.500,1.000,0.750,1.000,1.000,0.000,0.250,1.000,0.500,1.000,0.750,0.750,1.000,0.750,0.000,0.500,0.750,1.000,1.000,1.000,1.000,0.000,1.000,1.000,0.500,1.000,1.000,1.000,1.000,1.000,1.000,1.000,1.000,1.000,1.000,1.000,0.000,0.000,1.000,1.000,0.750,0.000,1.000,1.000,1.000,1.000,0.000,0.000,0.000,0.000,0.000,1.000,1.000,1.000,1.000,0.500,0.000,0.250,1.000,0.750,0.000,0.500,1.000,1.000,1.000,1.000,0.500,0.000,0.750,0.000,1.000,1.000,0.750,0.000,1.000,0.500,0.500,1.000,0.000,0.250,0.000,0.500,1.000,1.000,0.750,0.250,0.000,1.000,0.000,0.000,0.250,0.750,0.000,0.000,0.000,0.000,0.000,0.000,0.000,1.000,1.000,1.000,0.250,1.000,1.000,1.000,1.000,0.000,0.000,0.000,0.000,0.000,0.000,0.000,0.000,0.000,0.000,0.000,0.000,0.000,0.750,0.000,0.000,0.000,0.000,0.000,0.000,0.000,0.750,1.000,0.750,0.250,0.000,1.000,0.000,0.000,0.000,0.000,0.000,0.000,0.250,0.000,0.000,0.000,1.000,1.000,0.750
Peut-il marcher sur quatre pattes ?,1.000,1.000,1.000,1.000,1.000,1.000,1.000,1.000,1.000,1.000,1.000,1.000,1.000,1.000,1.000,1.000,1.000,1.000,1.000,1.000,0.250,1.000,1.000,1.000,1.000,1.000,1.000,1.000,1.000,1.000,1.000,1.000,1.000,1.000,1.000,1.000,1.000,1.000,1.000,1.000,1.000,1.000,1.000,0.750,1.000,0.000,1.000,0.500,1.000,1.000,1.000,1.000,1.000,1.000,1.000,0.000,0.000,0.000,0.000,0.500,0.000,0.000,0.000,0.000,0.000,0.000,0.000,0.000,0.000,0.750,0.000,0.000,0.000,0.000,0.000,0.000,0.000,0.000,0.000,0.000,0.000,1.000,1.000,1.000,0.750,1.000,1.000,0.000,0.000,0.000,0.000,0.000,0.000,0.000,1.000,1.000,1.000,0.500,0.000,0.000,0.750,0.000,0.000,0.000,0.250,0.000,0.000,0.000,0.000,0.000,0.000,0.000,0.000,0.000,0.000,0.250,0.000,0.000,0.250,0.000,0.000,0.000,0.500,0.250,0.000,0.000,0.000,0.000,0.000,1.000,0.000,1.000,0.250,0.000,0.000,0.000,0.000,0.000,0.000,0.000,0.000,0.000,0.000,0.000,0.000,1.000,0.250,0.000,0.750,0.000,0.000,0.000,0.000,0.750,0.000,0.000,0.000,1.000,1.000,1.000,1.000,1.000,1.000,0.000,0.500,0.000,0.000,1.000,0.000,1.000,0.000,0.000,0.000,0.000,0.000,1.000,1.000
Se déplace-t-il en rampant ?,0.225,0.750,0.000,0.000,0.000,0.000,0.250,0.000,0.000,0.000,0.750,1.000,1.000,0.250,0.750,0.750,0.000,0.000,0.000,0.000,0.250,0.000,0.000,0.000,0.000,0.000,0.000,0.000,0.000,0.250,0.000,0.000,0.000,0.000,0.000,0.000,0.500,0.750,0.000,0.000,0.750,0.750,0.250,0.250,1.000,1.000,0.750,1.000,0.750,1.000,0.000,0.000,0.000,0.750,0.750,0.000,0.000,0.000,0.750,1.000,0.000,0.000,0.000,0.000,0.000,0.000,1.000,1.000,0.000,1.000,1.000,0.750,1.000,0.250,0.000,1.000,1.000,1.000,0.000,0.000,0.000,0.250,1.000,1.000,0.000,0.250,1.000,1.000,1.000,1.000,1.000,1.000,0.950,1.000,1.000,1.000,1.000,0.000,0.000,0.000,0.000,0.000,0.000,0.250,0.000,0.000,0.000,0.000,0.000,0.250,0.000,0.000,0.000,0.000,0.000,0.000,0.000,0.000,0.000,0.000,0.000,0.000,0.000,0.000,0.000,0.000,0.000,0.000,0.000,0.250,0.000,0.000,0.000,0.000,0.000,0.000,0.000,0.000,0.000,0.000,0.000,0.000,0.750,1.000,1.000,0.000,1.000,0.000,0.750,0.000,0.000,0.000,1.000,1.000,1.000,0.750,0.000,1.000,0.000,0.000,0.000,0.000,0.000,0.250,0.250,0.500,0.750,0.000,0.500,0.950,0.500,0.750,1.000,1.000,0.000,0.000,0.000
Se déplace-t-il en sautant ?,0.000,1.000,0.000,0.000,0.000,0.750,0.000,0.000,0.930,1.000,1.000,0.000,0.000,0.000,0.500,0.000,0.000,0.000,0.000,0.500,0.250,1.000,0.250,1.000,0.750,0.500,1.000,1.000,1.000,0.000,0.000,0.000,1.000,1.000,0.000,1.000,1.000,0.750,0.250,0.500,0.250,0.250,1.000,1.000,0.000,0.250,0.000,0.750,0.250,0.000,0.750,0.000,0.000,0.000,0.250,0.000,0.000,0.000,0.000,0.000,0.000,0.000,0.000,0.750,0.750,0.000,0.000,0.000,0.500,0.250,0.000,1.000,0.500,0.000,0.000,0.000,0.000,0.000,0.000,0.000,0.000,1.000,1.000,0.250,0.000,0.750,0.000,0.000,0.000,0.000,0.000,0.000,0.000,0.000,0.000,0.250,0.500,0.750,0.000,0.250,0.250,0.000,0.000,0.750,0.750,0.000,0.250,0.000,0.250,0.500,0.000,1.000,0.500,0.250,0.000,0.000,0.500,0.000,0.000,0.000,0.000,0.000,0.000,0.000,0.000,0.000,0.250,1.000,0.950,1.000,0.250,0.000,0.000,0.500,0.000,0.250,0.000,0.250,0.000,0.250,0.000,0.000,0.000,0.000,0.750,0.000,0.000,0.000,0.000,1.000,1.000,0.000,0.000,0.000,0.000,0.000,1.000,1.000,0.750,0.250,0.000,0.250,1.000,0.000,1.000,1.000,1.000,0.750,0.750,0.000,0.000,0.250,0.000,0.000,0.000,0.000,0.500
Se déplace-t-il lentement ?,0.500,0.000,0.250,0.750,0.500,0.000,0.750,1.000,0.025,0.000,0.000,0.250,0.000,0.000,0.000,1.000,0.250,0.000,0.000,1.000,1.000,0.000,0.000,0.250,0.000,0.000,0.000,0.000,0.750,1.000,0.750,0.000,0.000,0.000,0.000,0.000,0.250,0.000,0.000,1.000,0.250,0.500,1.000,0.750,1.000,1.000,1.000,0.750,1.000,0.000,0.000,0.000,0.750,0.500,0.000,0.000,0.250,0.000,0.000,0.000,0.000,0.000,0.000,1.000,0.250,0.750,1.000,1.000,1.000,1.000,0.500,0.000,0.000,0.000,1.000,0.500,1.000,1.000,0.500,1.000,0.900,0.250,0.750,1.000,1.000,0.000,0.000,0.000,0.500,1.000,0.750,1.000,1.000,0.750,1.000,0.000,1.000,0.000,0.000,0.000,0.000,0.000,1.000,0.000,0.250,0.250,0.000,1.000,0.000,0.500,0.250,1.000,0.000,0.000,0.000,0.250,0.000,0.000,0.000,0.000,0.250,0.000,0.500,0.500,0.000,0.000,0.000,0.500,0.000,0.000,1.000,0.000,0.250,0.000,0.000,0.500,0.500,0.000,0.000,0.000,0.250,1.000,1.000,0.000,1.000,0.500,1.000,0.000,1.000,0.250,0.000,0.000,0.500,0.500,1.000,1.000,0.000,1.000,0.000,0.000,0.000,0.000,0.000,0.750,0.000,0.000,0.000,1.000,0.750,1.000,0.000,0.500,1.000,0.000,0.250,1.000,0.500
Est-il connu pour sa rapidité ?,0.525,1.000,1.000,0.000,0.000,0.750,0.000,0.000,0.975,0.750,1.000,0.750,0.950,1.000,1.000,0.750,0.750,1.000,0.250,0.000,0.000,1.000,1.000,0.950,1.000,1.000,1.000,1.000,1.000,0.000,0.000,0.500,0.750,1.000,1.000,1.000,0.750,0.000,0.750,0.500,1.000,0.500,0.250,0.250,0.250,0.250,0.250,0.500,0.500,0.250,1.000,0.000,0.000,0.750,0.000,1.000,0.250,1.000,1.000,0.750,0.500,0.750,0.750,1.000,0.500,0.750,0.000,0.250,0.000,0.250,0.500,0.750,0.250,0.500,1.000,0.750,0.000,0.000,0.000,0.000,0.000,0.750,0.250,0.000,0.000,0.250,0.250,0.500,1.000,0.500,0.000,0.750,0.250,0.250,0.000,1.000,0.000,0.750,0.250,0.500,0.750,1.000,0.000,0.250,0.500,0.500,0.000,0.000,0.250,0.750,0.250,0.750,0.500,1.000,0.500,0.500,1.000,0.000,1.000,1.000,0.750,1.000,0.250,0.250,1.000,0.750,0.250,0.750,1.000,1.000,0.750,0.500,1.000,0.750,0.750,0.250,0.500,1.000,0.750,1.000,1.000,1.000,0.250,0.000,0.750,0.250,0.000,0.250,0.250,0.950,0.750,0.950,0.750,0.750,0.000,0.250,1.000,0.250,1.000,0.500,0.750,0.750,1.000,0.000,1.000,1.000,0.750,0.000,1.000,0.250,0.250,0.250,0.500,0.250,0.500,0.750,0.500
A-t-il des poils ou de la fourrure ?,1.000,1.000,1.000,1.000,1.000,0.950,1.000,1.000,0.955,1.000,1.000,0.950,1.000,0.950,0.950,0.950,1.000,1.000,1.000,1.000,0.950,1.000,1.000,1.000,1.000,0.950,0.950,0.950,1.000,0.250,0.750,0.750,1.000,1.000,0.950,1.000,1.000,1.000,0.950,0.950,1.000,1.000,0.950,0.950,1.000,1.000,0.500,1.000,1.000,1.000,1.000,1.000,0.950,0.950,1.000,0.000,0.750,1.000,0.950,0.950,0.000,0.000,1.000,0.000,0.000,0.000,0.000,0.000,0.000,0.000,0.000,0.000,0.000,0.000,0.000,0.000,0.000,0.000,0.000,0.000,0.000,0.000,0.000,0.000,0.000,0.000,0.000,0.000,0.000,0.000,0.000,0.000,0.000,0.000,0.000,0.000,0.000,1.000,0.000,0.000,0.000,0.000,0.000,0.000,0.000,0.000,0.000,0.000,0.000,0.000,0.000,0.000,0.000,0.000,0.000,0.000,0.000,0.000,0.000,0.500,0.000,0.000,0.000,0.000,0.000,0.000,0.000,0.000,0.000,0.000,1.000,1.000,0.000,0.000,0.000,0.000,0.000,1.000,0.000,0.000,0.250,0.000,0.000,0.000,0.000,0.000,0.000,0.000,0.750,0.000,0.000,1.000,0.000,0.000,0.000,0.000,0.250,0.000,0.950,0.950,0.950,1.000,1.000,0.000,0.000,0.000,0.000,0.000,0.000,0.000,0.000,0.000,0.000,0.000,0.750,1.000,0.750
A-t-il des plumes ?,0.225,0.000,0.000,0.000,0.000,0.000,0.000,0.000,0.000,0.000,0.000,0.000,0.000,0.000,0.000,0.000,0.000,0.000,0.000,0.000,0.000,0.000,0.000,0.000,0.000,0.000,0.000,0.000,0.000,0.000,0.000,0.000,0.000,0.000,0.000,0.000,0.000,0.000,0.000,0.000,0.000,0.000,0.000,0.000,0.000,0.000,0.000,1.000,0.000,0.000,0.000,0.000,0.000,0.250,0.000,0.000,0.000,0.000,0.000,0.000,0.000,0.000,0.000,0.000,0.000,0.000,0.000,0.000,0.000,0.000,0.000,0.000,0.000,0.000,0.000,0.000,0.000,0.000,0.000,0.000,0.000,0.000,0.000,0.000,0.000,0.000,0.000,0.000,0.000,0.000,0.000,0.000,0.000,0.000,0.000,0.000,0.000,0.000,0.950,1.000,1.000,1.000,1.000,1.000,1.000,1.000,1.000,1.000,0.950,0.950,1.000,0.950,1.000,0.950,1.000,1.000,0.950,1.000,1.000,1.000,1.000,1.000,1.000,1.000,1.000,1.000,1.000,1.000,1.000,1.000,1.000,1.000,1.000,1.000,1.000,1.000,1.000,0.000,0.000,0.000,0.000,0.000,0.000,0.000,0.000,0.000,0.000,0.000,0.000,0.000,0.000,0.000,0.000,0.000,0.000,0.000,0.000,0.000,0.250,0.000,0.000,0.000,0.000,0.000,0.000,0.000,0.000,0.000,0.000,0.000,0.000,0.000,0.000,0.000,0.000,0.000,0.000
A-t-il des écailles ?,0.000,0.000,0.000,0.000,0.000,0.000,0.000,0.000,0.000,0.000,0.000,0.000,0.000,0.000,0.000,0.000,0.000,0.000,0.000,0.000,0.000,0.000,0.000,0.000,0.000,0.000,0.000,0.000,0.000,0.000,0.000,0.000,0.000,0.000,0.000,0.000,0.000,0.000,0.250,0.000,0.000,0.000,0.000,0.000,0.000,0.000,1.000,0.000,0.000,0.250,0.000,0.000,0.250,0.000,0.950,0.000,0.000,0.000,0.000,0.000,0.000,0.000,0.000,0.000,1.000,0.000,0.500,0.000,0.000,1.000,0.000,1.000,0.000,0.000,0.000,0.000,0.000,0.000,0.000,0.000,0.000,0.000,0.000,0.000,0.000,1.000,1.000,1.000,1.000,1.000,1.000,1.000,1.000,1.000,1.000,1.000,1.000,0.000,0.000,1.000,0.250,0.000,0.000,0.000,0.000,0.000,0.000,0.000,0.000,0.000,0.000,0.000,0.000,0.000,0.000,0.000,0.000,0.000,0.000,0.000,0.000,0.000,0.000,0.000,0.000,0.000,0.000,0.000,0.000,0.000,0.000,0.000,0.000,0.000,0.000,0.000,0.000,0.000,0.000,0.000,0.000,0.000,0.000,0.750,0.000,0.000,0.000,0.000,0.000,0.000,0.000,0.000,0.000,1.000,0.000,0.000,0.000,0.000,0.000,0.000,0.000,0.000,0.000,0.000,0.750,0.000,0.000,0.250,0.000,0.000,0.000,0.500,0.000,0.000,0.000,0.000,0.000
A-t-il une carapace ou une coquille ?,0.000,0.000,0.000,0.000,0.000,0.000,0.000,0.000,0.000,0.000,0.000,0.000,0.000,0.000,0.000,0.000,0.000,0.000,0.000,0.000,0.000,0.000,0.000,0.000,0.000,0.000,0.000,0.000,0.000,0.000,0.000,0.000,0.000,0.000,0.000,0.000,0.000,0.000,0.000,0.000,0.000,0.000,0.000,0.000,0.000,1.000,1.000,1.000,0.950,0.000,0.000,0.000,0.000,0.000,1.000,0.000,0.000,0.000,0.000,0.000,0.000,0.000,0.750,0.000,0.000,0.000,0.000,0.950,0.000,1.000,0.950,1.000,1.000,0.000,1.000,0.750,0.950,0.000,0.950,0.950,0.950,0.000,0.500,0.500,0.000,0.000,0.000,0.000,0.000,0.000,0.000,0.000,0.000,0.000,1.000,1.000,1.000,0.000,0.000,0.000,0.000,0.000,0.000,0.000,0.000,0.000,1.000,0.000,0.000,0.000,0.000,0.250,0.000,0.000,0.000,0.000,0.000,0.000,0.000,0.000,0.000,0.000,0.000,0.000,0.000,0.000,0.000,0.000,0.000,0.000,0.000,0.950,0.000,0.000,0.000,0.000,0.000,0.000,0.000,0.000,0.000,1.000,0.000,1.000,0.950,1.000,1.000,0.750,1.000,0.000,0.000,0.000,0.000,1.000,1.000,1.000,0.000,1.000,0.000,0.000,0.000,0.000,0.000,0.500,0.000,0.000,1.000,0.000,0.000,1.000,1.000,1.000,0.000,1.000,0.000,0.000,0.500
A-t-il un bec ?,0.225,0.000,0.000,0.000,0.000,0.000,0.000,0.000,0.000,0.000,0.000,0.000,0.000,0.000,0.000,0.000,0.250,0.000,0.000,0.000,0.000,0.000,0.000,0.000,0.000,0.000,0.000,0.000,0.000,0.000,0.000,0.000,0.000,0.000,0.000,0.000,0.000,0.000,0.000,0.000,0.000,0.000,0.000,0.000,0.000,0.000,0.750,1.000,0.000,0.000,0.000,0.000,0.000,0.250,0.250,0.000,0.000,1.000,0.000,0.000,0.000,0.000,0.000,0.000,0.500,0.000,0.000,0.000,0.000,0.000,0.000,0.000,0.000,0.000,0.000,0.000,0.000,0.000,0.000,0.000,0.000,0.000,0.250,0.000,0.000,1.000,0.000,0.000,0.000,0.000,0.000,0.000,1.000,0.000,0.000,1.000,0.000,1.000,1.000,1.000,1.000,1.000,1.000,1.000,1.000,1.000,0.950,1.000,1.000,1.000,1.000,1.000,1.000,1.000,1.000,1.000,1.000,1.000,1.000,1.000,1.000,1.000,1.000,1.000,0.950,1.000,1.000,1.000,1.000,1.000,1.000,1.000,1.000,1.000,1.000,1.000,1.000,0.000,0.250,0.000,0.750,0.000,0.000,0.000,0.000,0.000,0.000,0.000,0.000,0.000,1.000,0.000,0.000,0.000,0.000,0.000,0.000,0.000,0.500,0.250,1.000,1.000,0.000,0.000,0.500,0.500,0.000,0.000,0.000,0.000,0.000,0.000,0.000,0.000,0.000,0.000,0.000
A-t-il des dents ?,1.000,1.000,1.000,1.000,1.000,1.000,1.000,1.000,1.000,1.000,1.000,1.000,1.000,1.000,1.000,1.000,1.000,1.000,1.000,1.000,1.000,1.000,1.000,1.000,1.000,1.000,1.000,1.000,1.000,1.000,1.000,1.000,1.000,1.000,1.000,0.950,1.000,1.000,1.000,1.000,1.000,1.000,1.000,1.000,1.000,1.000,1.000,1.000,1.000,1.000,1.000,1.000,1.000,1.000,1.000,1.000,0.250,1.000,1.000,1.000,1.000,1.000,0.750,0.750,0.500,0.000,1.000,1.000,0.000,0.000,0.750,0.750,1.000,1.000,1.000,0.250,1.000,1.000,0.750,0.000,0.500,1.000,1.000,1.000,0.750,1.000,1.000,1.000,1.000,1.000,1.000,1.000,1.000,1.000,0.000,1.000,1.000,1.000,0.000,0.000,0.000,0.000,0.000,0.000,0.000,0.000,0.000,0.000,0.950,0.000,0.000,0.000,1.000,1.000,1.000,1.000,1.000,0.000,0.950,0.950,0.000,0.950,1.000,0.950,0.000,0.000,1.000,0.000,0.000,1.000,0.000,0.950,1.000,1.000,1.000,0.000,1.000,0.000,1.000,0.000,1.000,1.000,0.500,0.000,1.000,1.000,0.500,0.000,0.000,1.000,1.000,0.000,1.000,0.000,1.000,1.000,0.750,1.000,1.000,1.000,1.000,1.000,1.000,1.000,1.000,1.000,1.000,1.000,0.000,1.000,0.250,1.000,0.750,0.000,1.000,1.000,0.500
A-t-il des griffes ?,0.325,1.000,0.000,0.000,0.500,0.000,0.000,1.000,0.975,0.000,1.000,1.000,1.000,1.000,1.000,0.750,1.000,1.000,1.000,1.000,0.000,0.750,1.000,1.000,1.000,1.000,1.000,1.000,1.000,0.000,0.000,1.000,1.000,0.000,0.500,0.000,0.000,0.000,0.000,0.000,0.000,0.750,0.000,0.000,1.000,0.500,1.000,0.750,0.000,0.750,1.000,0.750,0.250,1.000,1.000,0.000,0.000,0.000,0.000,0.000,0.000,0.000,0.000,0.000,0.000,0.000,0.000,0.000,0.000,1.000,0.000,0.000,0.000,0.000,0.000,0.000,0.000,0.000,0.250,0.000,0.000,0.000,0.000,0.000,0.000,0.750,0.000,0.000,0.000,0.000,0.000,0.000,0.000,0.000,0.000,0.500,0.000,1.000,1.000,0.000,1.000,1.000,0.000,1.000,0.750,0.000,0.000,0.000,0.250,0.500,0.000,0.000,1.000,1.000,0.000,1.000,1.000,1.000,1.000,1.000,1.000,0.000,1.000,0.000,0.750,0.000,0.000,0.000,0.750,0.750,0.000,0.000,0.250,1.000,1.000,0.500,0.000,0.000,0.000,0.000,0.000,0.000,0.000,0.000,0.000,0.500,0.000,0.000,0.500,0.000,0.750,0.000,0.000,0.500,0.750,0.000,1.000,0.000,1.000,1.000,1.000,0.750,1.000,0.000,0.000,1.000,0.000,0.250,0.500,0.000,1.000,0.000,0.000,0.000,0.000,0.000,0.000
A-t-il des pinces ?,0.000,0.000,0.000,0.000,0.000,0.000,0.000,0.000,0.000,0.000,0.000,0.000,0.000,0.000,0.000,0.000,0.000,0.000,0.000,0.000,0.000,0.000,0.000,0.000,0.000,0.000,0.000,0.000,0.000,0.000,0.000,0.000,0.000,0.000,0.000,0.000,0.000,0.000,0.000,0.000,0.000,0.000,0.000,0.000,0.000,0.000,1.000,0.000,0.000,0.000,0.000,0.000,1.000,0.000,0.000,0.000,0.000,0.000,0.000,0.000,0.000,0.000,0.000,0.000,0.000,0.000,0.250,1.000,0.000,1.000,1.000,1.000,1.000,1.000,0.000,0.000,0.000,0.000,1.000,0.000,1.000,0.000,0.000,0.000,0.000,0.000,0.000,0.000,0.000,0.000,0.000,0.000,0.000,0.000,0.000,1.000,0.000,0.000,0.000,0.000,0.000,0.000,0.000,0.000,0.000,0.000,0.000,0.000,0.000,0.000,0.000,0.000,0.000,0.000,1.000,0.000,0.000,0.000,0.000,0.000,0.000,0.000,0.000,0.000,0.000,0.000,0.000,0.000,0.000,0.000,0.000,0.000,0.000,0.000,0.000,0.000,0.000,0.000,0.000,0.000,0.000,0.000,0.000,0.000,0.000,0.750,0.000,0.000,0.000,0.000,0.000,0.000,1.000,1.000,1.000,1.000,0.000,0.000,0.000,0.000,0.000,0.000,0.000,0.750,0.000,0.000,0.000,0.000,1.000,0.000,0.950,0.250,0.000,1.000,0.000,0.000,0.000
A-t-il des tentacules ?,0.000,0.000,0.000,0.000,0.000,0.000,0.000,0.000,0.000,0.000,0.000,0.000,0.000,0.000,0.000,0.000,0.000,0.000,0.000,0.000,0.000,0.000,0.000,0.000,0.000,0.000,0.000,0.000,0.000,0.000,0.000,0.000,0.000,0.000,0.000,0.000,0.000,0.000,0.000,0.000,0.000,0.000,0.000,0.000,0.000,0.000,0.000,0.000,0.000,0.000,0.000,0.000,0.000,0.000,0.000,0.000,0.000,0.000,0.000,0.000,0.000,0.000,0.000,0.000,0.250,1.000,1.000,0.000,1.000,0.000,0.500,0.000,0.000,1.000,1.000,1.000,0.000,0.000,0.000,0.000,0.750,0.000,0.000,0.000,0.000,0.000,0.000,0.000,0.000,0.000,0.000,0.000,0.000,0.000,0.000,0.000,0.000,0.000,0.000,0.000,0.000,0.000,0.000,0.000,0.000,0.000,0.000,0.000,0.000,0.000,0.000,0.000,0.000,0.000,0.000,0.000,0.000,0.000,0.000,0.000,0.000,0.000,0.000,0.000,0.000,0.000,0.000,0.000,0.000,0.000,0.000,0.000,0.000,0.000,0.000,0.000,0.000,0.000,0.000,0.000,0.000,0.000,0.000,0.000,0.000,0.000,0.000,0.000,0.000,0.000,0.000,0.000,0.000,0.000,0.000,0.000,0.000,0.000,0.000,0.000,0.000,0.000,0.000,0.000,0.000,0.000,0.000,0.000,0.000,0.000,0.000,0.000,0.000,0.000,0.000,0.000,0.000
A-t-il une queue ?,1.000,0.950,1.000,1.000,1.000,1.000,1.000,1.000,0.955,1.000,1.000,0.950,1.000,1.000,1.000,1.000,1.000,1.000,1.000,1.000,1.000,1.000,1.000,0.950,1.000,1.000,1.000,1.000,1.000,0.000,0.000,1.000,1.000,1.000,0.950,1.000,0.950,1.000,1.000,1.000,1.000,1.000,1.000,1.000,1.000,0.000,1.000,0.750,1.000,1.000,1.000,1.000,1.000,1.000,1.000,1.000,1.000,1.000,1.000,1.000,0.750,1.000,1.000,1.000,1.000,0.000,0.000,1.000,0.000,1.000,0.000,1.000,0.750,0.250,0.000,0.000,0.000,0.000,0.500,0.000,0.500,0.750,0.000,1.000,1.000,1.000,1.000,0.950,1.000,1.000,1.000,0.000,1.000,1.000,1.000,1.000,1.000,0.500,1.000,1.000,1.000,1.000,1.000,1.000,1.000,1.000,1.000,1.000,1.000,1.000,1.000,1.000,1.000,1.000,0.750,1.000,1.000,1.000,1.000,1.000,1.000,1.000,1.000,1.000,1.000,0.000,1.000,1.000,1.000,1.000,1.000,1.000,1.000,1.000,1.000,1.000,1.000,1.000,1.000,1.000,1.000,1.000,1.000,1.000,1.000,1.000,1.000,0.000,0.000,0.000,0.000,1.000,0.000,1.000,0.000,0.000,0.000,0.000,0.950,0.950,1.000,1.000,1.000,1.000,1.000,1.000,1.000,1.000,1.000,1.000,1.000,1.000,0.000,0.000,0.000,1.000,1.000
A-t-il des ailes ?,0.000,0.000,0.000,0.000,0.000,0.000,0.000,0.000,0.000,0.000,0.000,0.000,0.000,0.000,0.000,0.000,0.000,0.000,0.000,0.000,0.000,0.000,0.000,0.000,0.000,0.000,0.000,0.000,0.000,0.000,0.000,0.000,0.000,0.000,0.000,0.000,0.000,0.000,0.000,0.000,0.000,0.000,0.000,0.000,0.000,0.000,0.000,0.250,0.000,0.000,0.000,0.000,0.000,0.000,0.000,0.000,0.000,0.000,0.000,0.000,0.000,0.000,0.000,0.000,0.000,0.000,0.000,0.000,0.000,0.000,0.000,0.000,0.000,0.000,0.000,0.000,0.000,0.000,0.000,0.000,0.000,0.000,0.000,0.000,0.000,0.000,0.000,0.000,0.000,0.000,0.000,0.000,0.000,0.000,0.000,0.000,0.000,0.775,1.000,0.000,1.000,1.000,1.000,1.000,1.000,1.000,1.000,1.000,1.000,1.000,1.000,1.000,0.950,1.000,1.000,1.000,1.000,1.000,1.000,1.000,1.000,1.000,1.000,1.000,1.000,1.000,1.000,1.000,1.000,1.000,0.000,0.000,1.000,1.000,1.000,1.000,1.000,1.000,1.000,1.000,1.000,0.000,0.000,1.000,1.000,0.750,1.000,1.000,0.000,1.000,1.000,1.000,0.000,0.000,0.000,0.000,0.000,0.750,0.000,0.000,0.000,0.000,0.000,0.000,0.750,1.000,1.000,1.000,0.250,0.000,0.000,1.000,0.000,0.000,0.000,0.000,0.000
A-t-il 8 pattes ?,0.000,0.000,0.000,0.000,0.000,0.000,0.000,0.000,0.000,0.000,0.000,0.000,0.000,0.000,0.000,0.000,0.000,0.000,0.000,0.000,0.000,0.000,0.000,0.000,0.000,0.000,0.000,0.000,0.000,0.000,0.000,0.000,0.000,0.000,0.000,0.000,0.000,0.000,0.000,0.000,0.000,0.000,0.000,0.000,0.000,0.250,0.000,0.000,0.000,0.000,0.000,0.000,0.000,0.000,0.000,0.000,0.000,0.000,0.000,0.000,0.000,0.000,0.000,0.000,0.000,0.000,0.500,0.950,0.750,1.000,1.000,0.000,0.000,1.000,0.000,0.000,0.000,0.000,0.000,0.000,0.950,0.000,0.000,0.000,0.000,0.000,0.000,0.000,0.000,0.000,0.000,0.000,0.000,0.000,0.000,0.000,0.000,0.000,0.000,0.000,0.000,0.000,0.000,0.000,0.000,0.000,0.000,0.000,0.000,0.000,0.000,0.000,0.000,0.000,0.000,0.000,0.000,0.000,0.000,0.000,0.000,0.000,0.000,0.000,0.000,0.000,0.000,0.000,0.000,0.000,0.000,0.000,0.000,0.000,0.000,0.000,0.000,0.000,0.000,0.000,0.000,0.000,0.000,0.000,0.000,0.000,0.000,0.000,1.000,0.000,0.000,0.000,1.000,0.750,1.000,1.000,0.000,0.000,0.000,0.000,0.000,0.000,0.000,0.000,0.000,0.000,0.000,0.000,0.000,0.000,0.000,0.000,0.000,0.000,0.000,0.000,0.000
A-t-il 4 pattes ou plus ?,1.000,0.950,0.000,0.000,0.000,0.000,0.000,0.000,0.855,0.000,0.000,0.000,0.000,0.000,0.000,0.000,0.000,0.000,0.950,0.000,0.000,0.000,0.950,1.000,0.000,0.000,0.000,0.000,0.950,0.000,0.000,0.000,0.000,0.000,0.000,0.000,0.000,0.000,0.000,0.000,0.000,0.000,0.000,0.000,0.000,1.000,0.000,0.000,0.000,1.000,0.000,0.000,0.000,0.000,0.000,0.000,0.000,0.000,0.000,0.000,0.000,0.000,0.000,0.000,0.000,0.000,0.000,0.000,1.000,1.000,1.000,1.000,1.000,1.000,1.000,0.000,0.000,0.000,0.000,0.000,0.500,0.000,1.000,0.000,0.000,0.000,0.000,0.000,0.000,0.000,0.000,0.000,0.000,0.000,0.000,0.000,0.000,0.000,0.000,0.000,0.000,0.000,0.000,0.000,0.000,0.000,0.000,0.000,0.000,0.000,0.000,0.000,0.000,0.000,0.500,0.000,0.000,0.000,0.000,0.000,0.000,0.000,0.000,0.000,0.000,0.000,0.000,0.000,0.000,0.000,0.000,0.000,0.000,0.000,0.000,0.000,0.000,1.000,1.000,1.000,1.000,1.000,1.000,1.000,1.000,1.000,0.000,1.000,1.000,0.000,1.000,1.000,1.000,1.000,1.000,0.000,1.000,1.000,0.950,0.000,0.000,0.000,0.000,1.000,1.000,1.000,1.000,1.000,1.000,1.000,0.000,1.000,0.000,1.000,0.000,0.000,0.000
Est-il sans pattes ?,0.000,0.000,0.000,0.000,0.000,0.000,0.000,0.000,0.025,0.000,0.000,0.000,0.000,0.000,0.000,0.000,0.000,0.000,0.000,0.000,0.000,0.000,0.000,0.000,0.000,0.000,0.000,0.000,0.000,0.000,0.000,0.000,0.000,0.000,0.000,0.000,0.000,0.000,0.000,0.000,0.000,0.000,0.000,0.000,0.000,0.950,0.000,0.000,0.000,0.000,0.000,0.000,0.000,0.000,0.000,1.000,0.950,1.000,0.000,0.000,0.000,0.950,1.000,1.000,1.000,0.000,0.950,1.000,1.000,0.000,0.000,0.000,0.000,0.950,0.950,0.950,0.950,1.000,0.950,1.000,0.950,0.000,0.000,0.000,0.000,0.000,0.000,1.000,1.000,0.950,1.000,1.000,0.950,1.000,0.000,0.000,0.000,0.000,0.000,0.000,0.000,0.000,0.000,0.000,0.000,0.000,0.000,0.000,0.000,0.000,0.000,0.000,0.000,0.000,0.000,0.000,0.000,0.000,0.000,0.950,0.000,0.000,0.000,0.000,0.000,0.000,0.000,0.000,0.000,0.000,0.000,0.000,0.000,0.000,0.000,0.000,0.000,0.950,0.950,0.000,0.000,0.000,0.000,0.000,0.000,0.000,0.950,0.950,0.000,0.000,0.000,0.950,0.000,0.000,0.950,0.000,0.000,0.000,0.000,0.000,0.000,0.000,0.000,0.950,0.000,0.000,0.000,0.000,0.000,0.000,0.000,0.000,1.000,1.000,0.950,0.000,1.000
Est-il herbivore ?,0.225,0.000,1.000,1.000,1.000,0.950,0.000,1.000,1.000,0.500,0.950,0.000,0.000,0.000,0.000,1.000,0.000,0.000,0.000,1.000,1.000,0.950,0.000,0.000,0.000,0.000,0.000,0.000,0.000,1.000,0.950,0.950,1.000,0.950,0.950,1.000,0.250,0.000,0.750,1.000,0.500,0.000,0.950,1.000,1.000,1.000,0.250,0.500,0.000,0.000,0.750,0.950,1.000,0.950,0.750,0.000,1.000,0.000,0.000,0.250,0.000,0.000,1.000,1.000,0.000,0.000,0.250,1.000,1.000,0.000,0.000,0.000,0.000,0.000,0.000,0.000,1.000,1.000,0.750,0.750,1.000,0.000,0.000,0.250,0.000,0.000,0.000,0.000,0.000,0.000,0.000,0.000,0.000,0.000,0.950,0.000,1.000,0.000,0.950,0.000,1.000,0.950,0.750,0.000,0.500,0.000,0.000,0.950,0.250,0.000,1.000,0.950,0.000,0.000,0.000,0.000,0.000,0.250,0.000,0.000,0.000,0.000,0.000,0.000,0.000,0.000,0.750,0.950,0.000,0.000,0.000,0.000,0.000,0.000,0.000,0.000,0.000,1.000,1.000,0.000,0.000,0.500,1.000,0.950,0.000,0.000,0.000,1.000,0.500,0.000,0.000,1.000,0.000,0.000,0.250,0.000,0.000,1.000,0.000,0.000,0.000,0.250,0.000,0.000,1.000,0.950,0.950,0.950,0.000,1.000,0.250,1.000,1.000,0.000,0.250,1.000,0.750
Est-il carnivore ?,0.775,1.000,0.000,0.000,0.000,0.000,0.500,0.000,0.000,0.000,0.000,0.000,0.750,0.750,1.000,0.750,1.000,1.000,0.000,0.000,0.000,0.000,1.000,1.000,1.000,1.000,1.000,1.000,1.000,0.000,0.000,0.000,0.000,0.000,0.000,0.000,0.250,0.750,0.500,0.000,0.500,0.000,0.000,0.250,0.000,0.000,0.000,1.000,0.250,0.500,0.250,0.000,0.000,1.000,0.500,0.750,0.000,1.000,0.950,0.750,0.750,1.000,0.000,1.000,0.750,1.000,1.000,0.500,0.750,0.250,0.250,1.000,1.000,0.750,1.000,1.000,0.000,0.000,0.000,0.000,0.000,1.000,0.500,1.000,1.000,0.250,1.000,1.000,1.000,1.000,1.000,1.000,1.000,1.000,0.250,1.000,0.500,1.000,0.000,0.000,0.250,0.250,0.000,0.000,0.000,0.000,0.000,0.000,0.250,0.000,0.000,0.000,0.250,0.000,1.000,0.500,0.000,1.000,0.950,1.000,1.000,0.950,1.000,0.750,1.000,1.000,0.000,0.000,0.000,1.000,1.000,1.000,1.000,0.900,1.000,1.000,0.950,0.000,0.000,1.000,1.000,0.000,0.000,0.500,0.500,0.000,0.000,0.000,0.000,1.000,1.000,0.000,0.950,1.000,0.000,0.500,1.000,0.000,1.000,1.000,1.000,1.000,1.000,1.000,0.000,0.000,0.000,0.000,1.000,0.000,0.000,0.000,0.000,1.000,0.500,0.000,0.500
Est-il omnivore ?,0.930,0.000,0.000,0.000,0.000,0.000,1.000,0.000,0.225,0.000,0.950,1.000,0.250,0.000,0.250,0.750,1.000,0.250,1.000,0.950,0.000,0.000,0.000,1.000,1.000,0.950,0.000,0.950,0.000,0.000,0.000,0.000,0.950,0.000,0.950,0.000,1.000,1.000,1.000,0.750,0.750,0.950,0.750,0.500,0.000,0.000,0.000,0.950,1.000,0.250,1.000,0.000,0.250,0.950,1.000,0.950,0.000,1.000,0.000,0.000,1.000,0.000,0.000,0.000,0.250,0.000,0.000,0.000,0.750,0.500,0.250,0.000,0.000,0.000,0.000,0.000,0.000,0.250,0.750,0.000,0.000,0.000,1.000,0.000,0.000,0.250,0.500,0.000,0.000,0.000,0.000,0.000,0.000,0.000,1.000,0.000,0.500,0.250,1.000,0.500,0.750,0.000,1.000,0.750,1.000,0.500,0.750,0.000,0.950,1.000,0.750,0.950,0.950,0.950,0.950,1.000,0.950,1.000,0.000,0.950,0.000,0.000,0.000,0.250,0.000,0.000,1.000,0.000,1.000,0.000,0.000,0.000,0.000,0.950,0.950,0.950,0.000,0.000,0.250,0.500,0.000,0.000,0.000,0.750,0.000,0.250,0.000,0.000,0.000,0.000,1.000,0.000,0.000,0.000,0.250,0.000,0.000,0.000,0.500,1.000,0.950,0.950,0.000,0.000,0.000,0.000,0.500,0.000,0.000,0.950,0.000,0.000,0.250,0.000,0.950,0.000,0.500
Se nourrit-il d'insectes ?,0.000,0.000,0.000,0.000,0.000,0.000,0.000,0.000,0.000,0.000,0.750,0.250,0.750,0.750,0.950,0.000,0.500,0.250,0.500,0.000,0.000,0.500,0.000,0.000,0.000,0.000,0.000,0.000,0.000,0.000,0.000,0.250,0.000,0.000,0.000,0.000,1.000,0.000,0.750,0.000,0.750,0.000,0.250,0.750,0.500,0.500,1.000,1.000,0.750,1.000,1.000,0.750,0.000,0.750,0.750,0.000,0.000,0.000,0.000,0.000,0.000,0.000,0.500,0.000,0.500,0.000,0.000,0.000,0.000,0.000,0.000,0.000,0.000,0.000,0.000,0.000,0.000,0.000,0.500,0.000,0.250,1.000,0.950,1.000,0.750,0.750,1.000,0.750,0.000,0.000,0.000,0.000,0.950,0.000,0.500,0.750,1.000,1.000,0.750,1.000,0.250,0.250,0.500,0.750,0.750,0.250,0.750,0.000,0.750,1.000,0.250,0.500,0.750,1.000,1.000,0.750,0.750,0.750,0.000,1.000,0.250,0.500,0.000,0.000,0.250,0.750,0.250,0.250,1.000,1.000,0.000,0.000,0.000,0.000,0.000,0.000,0.000,0.000,0.750,1.000,1.000,0.750,0.500,0.250,1.000,0.000,0.500,0.500,0.500,1.000,0.250,0.000,1.000,1.000,0.500,0.950,0.250,0.000,0.000,1.000,0.000,0.750,1.000,0.000,0.950,0.000,1.000,0.250,1.000,1.000,1.000,0.000,0.500,0.000,0.250,0.250,0.500
Se nourrit-il de nectar ?,0.000,0.000,0.000,0.000,0.000,0.000,0.000,0.000,0.000,0.000,0.000,0.000,0.000,0.000,0.000,0.000,0.000,0.000,0.000,0.000,0.000,0.000,0.000,0.000,0.000,0.000,0.000,0.000,0.000,0.000,0.000,0.500,0.000,0.000,0.000,0.000,0.000,0.500,0.250,0.000,1.000,0.750,0.000,0.000,0.000,0.000,0.000,0.750,0.000,0.000,0.000,0.000,0.000,0.000,0.000,0.000,0.000,0.000,0.000,0.000,0.000,0.000,0.000,0.000,0.000,0.000,0.000,0.000,0.000,0.000,0.000,0.000,0.000,0.000,0.000,0.000,0.000,0.000,0.000,0.000,0.000,0.000,0.750,0.000,0.000,0.000,0.000,0.000,0.000,0.000,0.000,0.000,0.000,0.000,0.000,0.000,0.000,0.750,0.000,0.000,0.000,0.500,0.000,0.000,0.000,0.000,0.000,0.000,0.500,0.000,0.750,0.500,0.000,0.000,0.000,0.250,1.000,0.500,0.000,0.000,0.000,0.000,0.250,0.000,0.000,0.000,0.000,0.250,1.000,0.000,0.000,0.000,0.250,0.000,0.000,0.000,0.000,1.000,1.000,0.750,0.250,0.000,0.000,0.000,0.000,0.000,0.250,1.000,0.000,0.000,0.750,0.500,0.000,0.000,0.000,0.000,0.000,0.000,0.000,0.750,0.000,0.000,0.000,0.000,0.000,0.000,0.000,0.250,0.000,0.000,0.000,0.000,0.000,0.000,0.000,0.000,0.750
Se nourrit-il de charognes ?,0.500,0.000,0.000,0.000,0.000,0.000,0.250,0.000,0.000,0.000,0.000,0.500,0.000,0.000,0.000,0.000,0.750,0.500,0.500,0.000,0.000,0.000,0.250,0.000,0.250,0.000,0.000,0.000,0.500,0.000,0.000,0.250,0.000,0.000,0.000,0.000,0.750,0.000,0.000,0.000,0.000,0.000,0.000,0.000,0.000,0.000,0.000,0.500,0.250,0.000,0.500,0.000,0.000,1.000,0.250,0.250,0.000,0.000,0.000,0.000,0.000,0.000,0.000,0.000,0.000,0.000,0.000,0.000,0.500,0.500,0.000,0.000,0.000,0.250,0.000,0.000,0.000,1.000,0.000,0.000,0.250,0.000,0.000,0.000,0.000,0.000,0.250,0.000,0.250,0.000,0.500,0.000,0.000,0.000,0.000,0.000,0.000,0.250,0.000,0.000,0.000,0.000,0.000,0.000,0.000,0.000,0.000,0.000,0.500,0.000,0.000,0.000,0.950,0.750,0.000,0.250,0.250,0.500,0.250,0.000,0.000,1.000,1.000,0.950,0.250,0.000,0.000,0.000,0.000,0.000,0.000,0.250,0.000,1.000,0.250,0.000,0.500,0.000,0.000,0.000,0.250,0.000,0.000,1.000,0.000,1.000,0.000,0.000,1.000,0.000,0.000,0.750,0.000,0.000,0.750,0.000,0.000,1.000,0.500,1.000,1.000,1.000,0.000,0.000,0.250,0.000,0.000,0.000,0.000,0.750,0.000,0.250,0.250,0.000,0.000,0.000,0.000
Est-il un prédateur ?,0.775,1.000,0.000,0.000,0.000,0.000,0.750,0.000,0.000,0.000,0.000,0.000,1.000,1.000,1.000,1.000,1.000,1.000,1.000,0.000,0.000,0.000,1.000,1.000,1.000,1.000,1.000,1.000,1.000,0.000,0.000,1.000,0.000,0.250,0.000,0.000,0.000,0.500,0.000,0.000,0.950,0.250,0.000,0.000,0.500,0.000,0.000,0.750,0.000,1.000,0.000,0.000,0.000,0.500,0.000,1.000,0.000,1.000,1.000,1.000,1.000,1.000,0.000,0.000,0.500,1.000,1.000,0.500,0.000,1.000,1.000,1.000,0.000,1.000,1.000,1.000,0.000,0.500,0.000,0.000,0.250,0.750,0.750,1.000,1.000,1.000,0.750,1.000,1.000,1.000,1.000,1.000,1.000,1.000,0.000,1.000,0.250,1.000,0.000,0.000,0.000,0.000,0.000,0.000,0.000,0.000,0.000,0.000,0.250,0.000,0.000,0.000,1.000,0.950,0.000,0.500,0.250,0.250,1.000,1.000,1.000,1.000,1.000,0.750,1.000,1.000,0.000,0.000,0.250,1.000,1.000,1.000,0.250,0.250,0.000,1.000,1.000,0.000,0.000,1.000,1.000,0.500,0.000,0.000,1.000,0.000,0.500,0.000,0.500,1.000,1.000,0.250,1.000,1.000,0.500,0.000,0.250,0.250,0.950,1.000,1.000,1.000,0.250,0.250,0.000,0.000,0.000,0.000,1.000,0.000,0.750,0.000,0.000,0.000,1.000,0.000,0.000
Est-il souvent une proie ?,0.225,0.000,0.250,0.750,0.950,0.500,0.250,0.500,0.950,0.500,0.950,1.000,0.250,0.500,0.500,0.750,0.000,0.000,0.000,0.500,0.500,0.500,0.000,0.000,0.000,0.000,0.000,0.000,0.000,0.250,0.250,0.250,0.000,1.000,1.000,0.950,0.750,0.250,0.500,0.250,0.250,0.750,0.250,0.750,0.250,0.750,0.750,0.250,0.750,0.750,0.750,0.500,0.500,0.500,0.000,0.250,0.250,0.000,0.500,0.250,0.000,0.000,0.250,0.750,0.000,0.500,0.250,0.500,0.500,0.250,0.500,0.750,1.000,0.250,0.500,0.000,0.950,0.500,1.000,0.750,1.000,0.500,0.250,1.000,0.750,0.250,0.250,0.000,0.250,0.000,0.750,0.250,0.750,0.500,0.750,0.250,0.750,0.250,0.950,0.500,1.000,0.250,0.250,0.750,0.950,0.750,0.500,0.250,0.750,0.750,1.000,0.750,0.000,0.750,0.250,0.500,0.750,0.250,0.000,0.000,0.250,0.000,0.250,0.500,0.250,0.500,0.750,0.500,0.500,0.500,0.250,0.750,0.250,0.000,0.500,0.250,0.750,1.000,0.500,0.250,0.500,0.750,0.250,0.500,0.250,0.750,0.750,0.500,0.750,0.250,0.750,0.750,1.000,0.500,0.250,1.000,0.000,0.000,0.250,0.750,0.250,0.250,0.750,0.750,0.750,0.950,0.950,0.500,0.000,1.000,0.750,0.500,0.950,0.250,0.250,0.000,0.250
Vit-il généralement seul ?,0.000,0.250,0.000,0.250,0.000,0.000,0.000,0.500,0.250,0.250,0.000,0.250,1.000,0.750,0.500,0.500,1.000,0.000,1.000,0.750,0.750,0.250,0.000,1.000,1.000,1.000,1.000,1.000,1.000,0.000,0.750,0.000,0.000,0.000,0.000,0.000,0.000,0.000,0.000,0.000,0.000,0.000,1.000,0.250,1.000,0.000,1.000,1.000,0.750,1.000,0.000,0.500,1.000,0.000,0.750,0.000,0.500,0.750,0.250,0.000,0.250,0.750,0.750,1.000,0.000,0.250,1.000,1.000,1.000,1.000,0.250,0.000,0.500,0.750,1.000,0.750,0.750,0.750,1.000,0.750,0.250,0.750,0.750,0.750,1.000,1.000,0.500,0.750,0.750,0.750,0.750,1.000,1.000,1.000,0.750,0.750,0.500,0.250,0.000,0.000,0.250,0.250,0.750,0.000,0.250,0.000,0.000,0.000,0.000,0.000,0.250,1.000,0.250,0.250,0.500,0.000,0.000,0.000,1.000,0.500,1.000,0.750,0.000,0.000,1.000,0.750,1.000,0.000,1.000,0.000,0.000,0.000,1.000,0.250,0.000,0.000,0.000,0.000,0.000,0.000,0.000,0.000,0.000,0.500,0.750,0.000,0.750,0.750,0.500,1.000,0.750,1.000,0.750,1.000,0.500,0.000,0.000,0.000,0.500,0.750,1.000,0.000,0.000,0.500,0.000,0.000,0.000,0.750,1.000,0.250,0.000,0.250,0.000,1.000,0.000,0.000,0.500
Vit-il généralement en groupe ?,0.950,0.500,0.950,0.950,1.000,0.750,0.950,0.750,0.955,0.750,1.000,1.000,0.000,0.250,0.000,1.000,0.750,0.950,0.000,0.250,0.250,0.750,0.950,0.000,0.000,0.250,1.000,0.250,0.000,0.950,0.500,1.000,1.000,1.000,1.000,1.000,0.950,1.000,1.000,0.950,1.000,1.000,0.000,1.000,0.250,1.000,0.250,0.250,0.250,0.000,0.750,0.950,0.950,1.000,1.000,1.000,1.000,1.000,0.750,1.000,1.000,0.250,0.750,1.000,1.000,0.000,0.750,0.500,1.000,1.000,1.000,1.000,1.000,0.250,1.000,0.500,0.750,1.000,0.250,1.000,0.750,1.000,0.500,0.250,0.500,0.000,0.000,0.000,0.000,0.250,0.000,0.000,0.500,0.500,0.500,0.250,0.500,1.000,0.950,1.000,0.950,1.000,1.000,1.000,1.000,1.000,0.000,1.000,0.950,0.950,0.950,1.000,0.950,0.750,0.500,0.750,0.950,0.750,0.000,0.250,0.500,1.000,1.000,0.500,0.250,0.500,0.750,1.000,0.750,0.750,1.000,1.000,1.000,1.000,1.000,1.000,1.000,1.000,1.000,1.000,0.000,1.000,1.000,0.500,1.000,0.750,1.000,1.000,0.750,0.750,0.750,0.750,0.250,0.000,0.250,1.000,0.750,1.000,0.500,1.000,1.000,0.950,1.000,0.250,1.000,0.750,0.750,0.750,0.000,0.950,0.000,1.000,0.750,1.000,0.950,1.000,0.500
Est-il territorial ?,1.000,1.000,1.000,0.000,0.750,0.750,1.000,0.750,0.725,1.000,1.000,0.750,1.000,0.750,1.000,0.950,0.950,1.000,1.000,1.000,1.000,0.750,1.000,1.000,1.000,0.950,1.000,1.000,1.000,0.750,1.000,1.000,0.250,1.000,0.750,0.750,1.000,0.950,0.750,1.000,1.000,1.000,0.750,1.000,0.750,0.950,0.750,0.500,1.000,0.750,0.750,1.000,0.950,1.000,0.750,0.500,0.750,1.000,0.500,0.500,1.000,0.750,0.000,0.000,0.750,0.000,0.250,0.750,0.500,1.000,1.000,0.750,1.000,0.500,1.000,0.500,0.250,0.250,1.000,0.250,0.000,0.750,0.250,0.750,0.750,1.000,0.750,0.750,1.000,1.000,0.750,0.750,0.250,0.750,0.750,1.000,0.750,1.000,1.000,1.000,0.500,0.500,0.500,1.000,0.500,0.750,1.000,1.000,0.750,0.750,0.250,0.750,1.000,0.950,1.000,0.950,1.000,1.000,1.000,1.000,1.000,1.000,0.500,0.750,0.950,1.000,0.750,0.750,1.000,0.950,1.000,1.000,0.250,1.000,0.250,1.000,0.750,1.000,0.750,0.750,1.000,1.000,0.750,0.500,1.000,0.500,0.500,0.000,0.500,0.750,0.500,1.000,0.750,0.950,0.000,1.000,0.750,0.000,0.250,0.950,1.000,1.000,0.950,0.250,1.000,0.500,0.750,0.000,0.750,1.000,1.000,0.000,0.000,0.250,1.000,0.750,0.750
Vit-il principalement la nuit ?,0.475,1.000,0.025,0.000,0.750,0.000,0.000,0.000,0.075,1.000,1.000,1.000,0.000,0.000,1.000,0.750,1.000,1.000,0.000,0.000,0.000,1.000,0.250,0.500,1.000,1.000,0.250,1.000,1.000,0.000,0.000,0.000,0.000,0.000,0.000,0.000,0.000,0.000,0.000,0.000,0.250,0.000,0.500,1.000,0.000,1.000,0.750,1.000,0.950,1.000,0.000,1.000,0.250,0.750,1.000,0.500,0.500,0.250,1.000,0.000,0.500,0.500,0.000,0.500,0.000,0.750,0.500,0.500,0.250,0.500,1.000,1.000,0.750,0.750,0.750,1.000,0.750,0.950,0.500,0.000,0.750,1.000,1.000,1.000,1.000,0.000,1.000,0.950,0.500,1.000,1.000,1.000,0.000,0.000,0.000,1.000,0.000,1.000,0.000,0.000,0.000,0.000,0.000,0.500,0.000,0.000,0.000,0.000,0.000,0.000,0.000,0.000,0.950,0.000,0.000,0.000,1.000,0.000,0.000,0.000,1.000,0.000,0.000,0.000,1.000,1.000,0.000,0.000,0.250,1.000,1.000,1.000,0.250,0.000,0.000,0.000,0.000,0.000,0.000,0.000,0.500,0.000,0.000,0.000,0.000,1.000,1.000,0.000,0.500,0.000,1.000,0.250,0.950,1.000,0.750,0.000,0.000,0.000,0.750,1.000,1.000,1.000,0.000,0.000,1.000,0.500,1.000,0.000,0.000,1.000,1.000,0.250,0.950,1.000,0.000,0.000,0.500
Vit-il principalement le jour ?,0.950,0.000,1.000,1.000,1.000,0.950,0.500,0.950,0.975,0.000,0.000,0.000,0.500,1.000,1.000,0.000,0.750,0.500,0.750,1.000,0.250,1.000,1.000,1.000,0.000,1.000,1.000,0.250,0.000,0.950,1.000,0.000,1.000,0.950,1.000,1.000,1.000,0.950,0.750,1.000,1.000,0.750,1.000,0.000,1.000,1.000,0.000,0.000,0.000,0.000,0.000,0.750,1.000,0.250,0.000,0.500,0.500,0.750,0.000,0.000,0.000,0.000,1.000,0.000,1.000,0.750,0.250,0.000,0.750,0.500,0.500,0.000,0.750,0.250,1.000,0.250,0.250,0.000,0.250,0.000,0.500,0.000,0.500,0.000,0.250,1.000,0.250,0.500,0.500,0.250,0.250,0.250,0.750,0.750,1.000,0.250,1.000,0.000,1.000,1.000,1.000,1.000,1.000,1.000,1.000,1.000,1.000,0.950,1.000,0.950,1.000,0.950,1.000,1.000,1.000,1.000,0.000,1.000,1.000,1.000,1.000,1.000,1.000,1.000,1.000,0.000,1.000,1.000,0.000,1.000,0.250,0.250,1.000,1.000,1.000,1.000,1.000,0.950,0.750,1.000,1.000,0.750,0.000,0.750,1.000,0.750,0.000,1.000,0.500,1.000,0.500,1.000,0.250,0.000,0.250,0.250,0.000,0.750,0.000,0.000,0.750,0.250,1.000,0.000,1.000,0.750,0.250,0.000,0.000,0.250,0.000,0.250,0.000,0.000,1.000,1.000,0.500
Hiberne-t-il ?,0.000,0.000,0.025,0.000,0.000,0.000,0.250,0.000,0.100,0.950,0.750,0.250,0.000,0.250,0.250,1.000,0.000,0.000,1.000,0.250,0.750,0.000,0.000,0.000,0.000,0.000,0.000,0.000,0.000,0.000,0.000,0.000,0.000,0.000,0.000,0.000,0.000,0.000,0.750,0.000,0.000,0.000,0.000,0.500,1.000,0.250,0.750,0.750,1.000,1.000,0.500,1.000,0.000,0.750,0.000,0.000,1.000,0.000,0.950,0.000,0.000,0.000,0.750,0.000,0.500,0.000,0.000,0.000,0.250,0.500,0.000,0.750,0.000,0.750,0.500,0.250,0.950,0.500,0.250,0.500,0.250,1.000,0.950,0.950,0.750,0.500,0.500,0.950,0.000,0.500,0.750,0.500,0.750,0.000,1.000,1.000,0.500,1.000,0.000,0.000,0.250,0.000,0.000,0.250,0.500,0.000,0.000,0.000,0.000,0.000,0.000,0.000,0.000,0.000,0.000,0.250,0.000,0.000,0.000,0.000,0.000,0.000,0.000,0.000,0.000,0.000,0.000,0.000,0.000,0.000,0.000,0.500,0.000,0.000,0.000,0.000,0.000,0.000,1.000,1.000,0.000,0.000,0.000,0.250,1.000,1.000,0.750,0.750,0.250,0.000,1.000,0.000,0.750,0.750,0.500,0.250,0.000,0.750,0.750,0.750,0.000,0.000,0.000,0.000,0.000,0.250,0.000,0.500,0.500,0.000,0.500,0.750,0.000,0.000,0.000,0.000,0.500
Migre-t-il ?,0.000,0.000,0.000,0.000,0.500,0.250,0.000,0.500,0.000,1.000,0.000,0.000,0.000,0.000,0.000,0.000,1.000,1.000,0.000,0.000,0.000,1.000,0.000,0.250,0.500,0.500,0.000,0.500,0.250,0.000,1.000,0.250,0.500,0.750,1.000,1.000,0.250,0.000,0.000,0.500,0.000,0.000,0.000,0.000,0.000,0.000,0.500,0.250,0.000,0.000,0.000,0.000,0.000,1.000,0.250,1.000,1.000,1.000,1.000,1.000,0.250,1.000,1.000,1.000,1.000,0.750,0.000,0.750,0.750,1.000,1.000,1.000,0.750,0.000,1.000,0.500,0.250,0.000,0.500,0.000,0.000,1.000,0.750,1.000,0.000,0.000,0.000,1.000,0.250,0.000,0.000,0.000,1.000,0.000,1.000,0.000,1.000,1.000,0.000,0.000,1.000,1.000,1.000,0.000,0.250,0.000,0.000,1.000,0.000,1.000,1.000,1.000,1.000,1.000,0.000,1.000,1.000,0.500,1.000,1.000,1.000,1.000,1.000,1.000,0.000,0.500,0.000,0.000,1.000,0.000,0.000,0.500,1.000,1.000,1.000,1.000,1.000,1.000,1.000,0.750,0.500,0.000,0.000,0.000,0.000,0.000,0.000,1.000,0.250,0.750,1.000,0.000,0.000,0.250,0.000,1.000,1.000,0.250,0.500,1.000,0.500,0.000,0.250,0.250,1.000,0.750,0.000,0.000,0.000,1.000,0.000,0.000,0.750,1.000,1.000,0.000,0.500
Pond-il des œufs ?,0.000,0.000,0.000,0.000,0.000,0.000,0.000,0.000,0.000,0.000,0.000,0.000,0.000,0.000,0.000,0.000,0.000,0.000,0.000,0.000,0.000,0.000,0.000,0.000,0.000,0.000,0.000,0.000,0.000,0.000,0.000,0.000,0.000,0.000,0.000,0.000,0.000,0.000,0.000,0.000,0.000,0.000,0.000,0.000,0.000,0.000,0.000,1.000,0.950,0.000,0.000,0.000,0.000,1.000,0.250,0.000,0.000,0.000,0.000,0.000,0.000,0.000,1.000,1.000,1.000,0.750,0.000,1.000,0.250,0.000,0.000,0.000,0.000,1.000,1.000,1.000,1.000,0.500,1.000,0.000,0.000,1.000,1.000,1.000,0.750,0.750,0.750,1.000,0.950,0.250,0.000,0.000,1.000,1.000,1.000,0.950,0.750,0.000,1.000,0.950,1.000,1.000,1.000,1.000,1.000,1.000,1.000,1.000,1.000,1.000,1.000,1.000,1.000,0.950,1.000,1.000,1.000,0.750,1.000,0.950,1.000,1.000,0.950,1.000,0.750,0.950,1.000,1.000,1.000,1.000,1.000,1.000,1.000,1.000,1.000,1.000,1.000,1.000,0.000,1.000,0.000,1.000,0.000,0.750,0.750,1.000,1.000,0.750,0.750,1.000,1.000,1.000,1.000,0.000,0.000,1.000,0.000,0.000,0.000,0.000,0.000,0.000,0.000,0.750,1.000,0.750,1.000,1.000,1.000,1.000,0.000,1.000,1.000,0.000,0.000,0.000,0.000
Subit-il une métamorphose au cours de sa vie ?,0.000,0.000,0.000,0.000,0.000,0.000,0.000,0.000,0.000,0.000,0.000,0.000,0.000,0.000,0.000,0.000,0.000,0.000,0.000,0.000,0.000,0.000,0.000,0.000,0.000,0.000,0.000,0.000,0.000,0.000,0.000,0.000,0.000,0.000,0.000,0.000,0.000,0.000,0.000,0.000,0.000,0.000,0.000,0.000,0.000,0.000,0.000,0.000,0.000,0.000,0.000,0.000,0.000,0.000,0.000,0.000,0.000,0.000,0.000,0.000,0.000,0.000,0.000,0.000,0.000,0.000,0.000,0.000,0.000,0.000,0.000,0.000,0.000,0.000,0.000,0.000,0.000,0.000,0.000,0.000,0.000,1.000,1.000,1.000,1.000,0.000,0.000,1.000,0.000,1.000,0.000,0.000,1.000,0.000,0.000,1.000,0.000,0.000,0.000,0.000,0.000,0.000,0.000,0.000,0.000,0.000,0.000,0.000,0.000,0.000,0.000,0.000,0.000,0.000,0.000,0.000,0.000,0.000,0.000,0.000,0.000,0.000,0.000,0.000,0.000,0.000,0.000,0.000,0.000,0.000,0.000,0.000,0.000,0.000,0.000,0.000,0.000,1.000,1.000,1.000,1.000,1.000,0.000,1.000,1.000,1.000,1.000,1.000,1.000,1.000,1.000,1.000,0.500,0.000,0.000,1.000,1.000,1.000,0.000,0.000,0.000,0.000,0.000,0.000,1.000,1.000,1.000,1.000,1.000,1.000,1.000,1.000,0.000,0.000,0.000,0.000,0.500
Est-il dangereux pour l'homme ?,0.250,0.500,0.750,0.000,0.250,0.250,0.250,0.250,0.250,0.250,0.750,0.750,0.000,0.250,0.500,0.500,0.500,0.250,0.500,0.250,0.250,0.250,0.950,0.950,0.500,0.750,0.750,0.500,0.250,0.500,0.500,0.750,0.000,0.500,0.000,0.250,0.750,0.500,0.750,0.500,0.750,0.500,0.000,0.250,0.250,0.500,0.750,0.250,0.250,0.000,0.500,0.250,0.000,0.000,0.500,0.500,0.250,0.250,0.250,0.000,0.250,0.000,0.250,0.500,0.000,0.750,0.000,0.250,0.000,0.750,0.500,0.250,0.250,0.750,0.250,0.500,0.000,0.250,0.500,0.250,0.750,0.250,0.250,0.000,0.250,0.250,0.250,0.750,1.000,0.750,0.750,1.000,0.750,0.750,0.250,0.950,0.000,0.250,0.000,0.250,0.500,0.500,0.000,0.750,0.000,0.500,0.000,0.250,0.000,0.000,0.000,0.250,0.250,0.250,0.000,0.250,0.000,0.000,0.000,0.500,0.250,0.250,0.000,0.250,0.750,0.250,0.250,0.000,0.000,0.000,0.000,0.250,0.250,0.250,0.500,0.250,0.250,0.750,0.000,0.750,0.750,0.250,0.500,0.250,0.000,0.000,0.000,0.000,0.500,0.500,0.750,0.750,0.500,0.750,0.750,0.750,0.500,0.250,0.500,0.500,0.500,0.750,0.500,0.250,0.000,0.000,0.250,0.000,0.500,0.750,1.000,0.000,0.000,0.000,0.000,0.500,0.000
Peut-il mordre pour se défendre ?,1.000,1.000,1.000,0.250,0.000,1.000,1.000,0.750,0.675,0.250,0.750,1.000,1.000,0.750,1.000,0.500,1.000,1.000,1.000,0.750,0.750,0.750,1.000,1.000,1.000,1.000,1.000,1.000,1.000,0.900,1.000,1.000,0.500,0.750,0.750,0.250,0.750,1.000,1.000,0.750,1.000,0.750,1.000,0.250,0.750,1.000,0.250,0.500,0.750,0.500,0.750,0.500,1.000,0.750,1.000,0.500,0.000,1.000,0.750,1.000,0.750,1.000,0.750,0.750,0.500,0.000,0.750,0.000,0.000,1.000,1.000,1.000,1.000,0.000,1.000,0.250,0.000,0.000,0.500,0.000,0.000,1.000,0.500,1.000,1.000,0.750,0.250,1.000,1.000,1.000,0.750,1.000,1.000,1.000,0.750,1.000,0.750,1.000,1.000,1.000,0.500,0.750,0.000,0.750,0.250,0.750,0.250,0.750,0.250,0.250,0.750,0.750,1.000,0.750,1.000,0.750,0.750,0.750,1.000,0.250,0.000,1.000,1.000,0.250,0.500,0.750,0.750,0.500,0.000,0.250,0.750,0.750,0.250,0.750,0.750,0.500,0.750,0.750,1.000,0.000,0.250,1.000,0.250,0.750,0.500,1.000,0.000,0.250,0.750,0.000,0.000,0.500,1.000,1.000,0.000,1.000,0.500,0.000,1.000,1.000,1.000,1.000,0.750,0.000,0.000,0.500,0.000,0.250,0.750,0.500,0.750,0.000,0.000,0.500,1.000,0.500,0.500
Est-il venimeux ?,0.000,0.000,0.000,0.000,0.000,0.000,0.000,0.000,0.000,0.000,0.000,0.000,0.000,0.000,0.000,0.000,0.000,0.000,0.000,0.000,0.000,0.000,0.000,0.000,0.000,0.000,0.000,0.000,0.000,0.000,0.000,0.000,0.000,0.000,0.000,0.000,0.000,0.000,0.000,0.000,0.000,0.000,0.000,0.000,0.000,0.250,0.000,1.000,0.000,0.000,0.000,0.000,0.000,0.000,0.000,0.000,0.000,0.000,0.000,0.000,0.000,0.000,0.000,0.750,0.000,0.750,0.000,1.000,0.500,0.500,0.250,0.000,0.000,0.000,0.000,0.000,0.500,0.000,0.000,0.000,0.000,0.000,1.000,0.750,0.000,0.000,0.000,0.750,1.000,0.500,1.000,1.000,0.750,0.250,0.000,0.000,0.250,0.500,0.000,0.000,0.000,0.000,0.000,0.000,0.000,0.000,0.000,0.000,0.000,0.000,0.000,0.000,0.000,0.000,0.000,0.000,0.000,0.000,0.000,0.000,0.000,0.000,0.000,0.000,0.000,0.000,0.000,0.000,0.000,0.000,0.000,0.000,0.000,0.000,0.000,0.000,0.000,0.500,1.000,0.950,0.750,0.750,0.000,0.000,0.000,0.000,0.000,0.500,0.250,0.000,1.000,0.000,0.500,1.000,0.500,0.250,0.000,0.000,0.000,0.000,0.000,0.000,0.000,1.000,0.000,0.000,0.000,0.000,0.000,0.000,0.250,0.000,0.000,0.250,0.000,0.000,0.500
Peut-il piquer ?,0.225,0.750,0.500,0.750,0.500,0.000,0.000,0.000,0.000,0.000,0.000,0.750,1.000,0.000,1.000,1.000,0.500,1.000,1.000,0.500,0.000,0.000,1.000,1.000,0.500,0.750,0.000,1.000,0.750,0.000,0.750,0.000,0.000,0.500,0.000,0.000,0.750,0.750,0.750,0.000,0.500,0.500,0.750,0.000,0.000,1.000,1.000,1.000,1.000,0.000,0.000,0.000,0.000,0.000,1.000,0.000,0.000,1.000,0.250,0.000,1.000,1.000,1.000,1.000,0.500,1.000,0.000,1.000,1.000,1.000,1.000,1.000,0.000,0.000,0.750,0.750,0.000,0.000,0.500,0.000,1.000,0.500,0.000,0.750,0.250,0.250,0.000,1.000,1.000,1.000,0.250,1.000,1.000,1.000,0.000,1.000,0.500,1.000,1.000,0.750,0.750,0.000,0.750,1.000,0.000,1.000,1.000,0.500,0.000,0.000,0.000,0.000,0.000,0.000,1.000,1.000,0.000,0.000,0.000,1.000,0.000,1.000,1.000,0.000,0.000,0.000,0.750,0.750,0.000,1.000,0.000,0.750,0.000,0.750,0.000,0.000,0.500,1.000,1.000,1.000,1.000,1.000,0.500,0.250,1.000,0.750,0.000,0.250,1.000,0.750,1.000,0.250,1.000,1.000,0.750,1.000,1.000,0.000,1.000,0.750,0.500,0.000,1.000,1.000,0.250,0.000,0.000,0.000,0.750,0.000,1.000,0.000,0.000,1.000,0.000,0.000,1.000
Peut-il produire une substance toxique ?,0.000,0.250,0.750,0.500,0.000,0.500,0.250,0.500,0.000,0.000,1.000,0.750,0.000,0.500,0.250,0.000,0.000,0.500,1.000,0.000,0.250,0.500,0.000,0.500,1.000,0.750,0.000,0.000,0.000,0.000,0.000,0.750,0.000,0.000,0.250,0.000,0.500,0.500,0.250,0.000,0.750,0.000,0.500,0.000,0.000,0.750,0.500,0.500,0.000,0.250,0.500,0.500,0.000,0.000,0.500,0.000,0.000,0.500,0.000,0.750,1.000,1.000,0.000,0.000,0.250,1.000,1.000,1.000,1.000,1.000,0.750,0.750,0.000,0.750,0.500,0.250,0.000,0.500,0.750,0.750,1.000,1.000,0.950,1.000,0.250,0.500,0.500,1.000,1.000,0.750,0.000,1.000,1.000,0.500,0.750,1.000,0.250,0.750,0.500,0.750,0.000,0.000,0.750,0.750,0.000,0.000,0.250,0.000,1.000,0.250,0.000,0.250,0.000,0.250,0.500,0.000,0.250,0.000,1.000,0.000,0.750,0.000,0.500,0.000,0.000,0.000,0.000,1.000,0.000,0.500,0.000,0.000,0.000,0.500,0.500,0.500,0.500,0.750,0.750,1.000,1.000,0.750,1.000,0.750,0.250,0.500,0.000,0.750,0.750,0.000,0.500,0.500,0.950,1.000,0.750,1.000,1.000,0.000,0.500,1.000,0.500,0.500,0.750,0.500,0.500,0.250,0.500,0.000,1.000,0.250,0.500,0.250,0.500,0.500,0.750,0.000,0.500
Peut-il être domestiqué ?,1.000,1.000,1.000,1.000,1.000,0.750,1.000,1.000,1.000,1.000,1.000,1.000,0.000,1.000,0.250,1.000,0.500,0.500,0.000,0.250,0.250,0.250,0.250,0.000,0.000,0.000,0.250,0.250,0.000,0.750,0.000,0.000,0.250,0.250,0.250,0.000,0.250,0.000,0.250,0.000,0.000,0.000,0.000,0.500,0.250,0.250,0.000,0.000,0.750,0.250,1.000,0.250,0.000,0.000,0.750,0.750,0.250,0.000,0.250,0.250,0.500,0.000,0.250,0.000,0.750,0.000,0.250,0.000,0.750,0.500,0.500,0.000,0.250,0.500,0.500,0.000,0.250,0.250,0.000,0.000,0.250,0.250,0.000,0.250,0.250,0.750,0.500,0.750,0.250,1.000,0.250,0.000,0.500,0.250,0.250,0.250,0.750,0.250,1.000,1.000,1.000,0.750,1.000,0.750,1.000,0.750,0.000,0.250,0.500,0.250,1.000,0.000,0.250,0.000,0.750,0.500,0.250,0.000,0.000,0.250,0.250,0.250,0.250,0.250,0.000,0.750,1.000,1.000,0.000,0.250,0.250,0.000,0.000,0.250,0.250,0.500,0.000,0.000,1.000,0.000,0.000,0.250,0.000,0.000,0.750,0.000,0.250,0.250,0.250,0.000,0.000,0.000,0.000,0.250,0.000,0.500,0.000,0.250,0.750,0.250,0.250,0.250,0.500,0.250,0.000,0.250,0.000,0.000,0.500,0.000,0.000,0.000,0.000,0.000,1.000,1.000,0.750
Est-il élevé pour la nourriture ?,0.225,0.000,0.000,1.000,1.000,1.000,1.000,0.000,0.000,0.250,0.250,0.250,0.000,0.000,0.500,0.500,0.500,0.500,0.500,0.250,0.000,0.750,0.000,0.000,0.000,0.250,0.000,0.000,0.000,0.000,0.000,0.000,0.000,0.000,0.750,0.000,0.250,0.250,0.250,0.000,0.250,0.000,0.000,0.750,0.000,0.500,0.750,0.250,0.250,0.500,0.250,0.000,0.500,0.500,0.250,0.000,0.000,0.500,0.000,0.250,0.750,0.000,0.000,0.750,0.000,0.500,0.000,0.500,0.500,0.500,1.000,1.000,1.000,0.000,0.000,0.750,0.250,0.000,1.000,1.000,0.500,0.000,0.250,0.000,0.000,0.000,0.250,0.250,0.500,0.000,0.000,0.000,0.000,0.250,0.500,0.000,0.000,0.250,1.000,1.000,1.000,1.000,1.000,0.250,1.000,1.000,0.250,0.500,0.000,0.250,1.000,0.000,0.750,0.000,0.000,0.000,1.000,0.000,0.000,0.000,0.250,0.000,1.000,0.000,0.500,0.000,0.000,0.000,0.000,0.000,0.000,0.000,0.000,0.250,0.000,0.000,0.000,1.000,0.000,0.000,0.000,0.250,0.750,0.500,0.000,0.000,0.000,0.000,0.000,0.000,0.000,0.000,0.000,0.500,0.000,0.000,0.500,0.000,0.500,0.000,0.000,0.000,0.000,0.500,1.000,0.500,1.000,0.500,0.500,0.750,0.000,0.250,0.000,0.250,0.000,1.000,0.000
Est-il considéré comme nuisible ?,0.250,0.250,0.000,0.000,0.250,0.000,0.500,0.000,0.000,0.000,0.750,1.000,0.750,0.500,0.500,0.000,0.500,0.500,0.500,0.000,0.250,0.750,0.500,0.000,0.500,0.500,0.000,0.500,0.000,0.000,0.000,0.500,0.000,0.000,0.000,0.000,0.750,0.000,0.500,0.250,0.500,0.000,1.000,0.500,0.250,0.000,0.750,0.000,0.250,0.000,0.250,0.000,0.000,1.000,0.500,0.000,0.000,0.000,0.250,0.250,0.000,0.250,0.000,0.750,0.500,0.500,0.250,0.750,0.250,0.000,0.500,0.500,0.500,0.500,0.000,0.250,0.500,0.250,0.000,1.000,0.000,0.000,0.000,0.500,0.000,0.000,0.000,0.750,1.000,0.000,0.500,1.000,0.500,0.750,0.000,0.500,0.500,0.750,0.000,0.750,0.250,0.500,0.000,0.500,0.000,0.500,0.750,0.000,0.000,1.000,0.000,0.000,0.500,0.500,0.000,0.500,0.000,0.000,0.000,1.000,0.000,0.000,0.250,1.000,0.000,0.500,0.000,0.250,0.000,0.500,0.000,0.250,0.000,0.000,0.500,0.500,0.250,0.000,0.500,0.750,1.000,0.250,0.950,0.500,0.250,0.500,0.000,0.000,0.500,0.000,1.000,0.750,0.000,0.500,0.750,1.000,1.000,0.500,0.500,0.500,0.500,0.500,0.000,0.000,0.500,0.750,0.250,0.750,0.000,1.000,1.000,0.750,1.000,0.750,0.000,0.000,0.500
Est-il plus grand qu'un humain ?,0.000,0.000,1.000,1.000,0.000,0.000,0.000,0.250,0.225,0.000,0.000,0.000,0.000,0.000,0.000,1.000,0.000,0.000,1.000,0.000,0.000,1.000,1.000,1.000,0.000,1.000,0.000,0.750,0.000,1.000,1.000,1.000,1.000,0.000,0.000,0.000,0.000,0.000,0.000,1.000,0.000,0.000,0.000,0.000,0.000,0.000,0.000,0.000,0.000,0.000,0.000,0.000,0.000,0.000,0.000,1.000,1.000,0.750,1.000,0.000,1.000,0.500,1.000,1.000,0.000,0.000,0.000,0.000,0.000,0.500,0.000,0.000,0.000,0.750,1.000,0.000,0.000,0.000,0.250,0.000,0.000,0.000,0.250,0.000,0.250,0.000,0.000,0.500,1.000,0.500,1.000,1.000,0.000,1.000,0.500,1.000,0.000,0.000,0.000,0.000,0.000,0.000,0.000,0.000,0.000,0.000,0.000,0.500,0.000,0.000,0.000,0.000,0.000,0.000,0.500,0.000,0.000,0.000,0.000,0.000,0.000,0.000,1.000,1.000,0.000,0.000,0.000,0.000,0.000,0.000,0.250,0.000,0.000,0.000,0.000,1.000,0.000,0.000,0.000,0.000,0.250,0.000,0.000,0.000,0.000,0.000,0.000,0.000,0.000,0.000,0.000,0.000,0.000,0.000,0.000,0.000,0.000,0.000,0.750,0.000,0.750,0.000,0.000,0.000,0.000,0.000,0.000,0.000,0.000,0.000,0.000,0.000,0.000,0.000,0.000,1.000,0.500
Est-il plus petit qu'un chat ?,0.675,0.000,0.000,0.000,0.000,0.000,0.000,0.000,0.725,1.000,1.000,1.000,1.000,1.000,1.000,0.000,0.000,0.000,0.000,0.000,0.000,0.000,0.000,0.000,0.000,0.000,0.000,0.000,0.000,0.000,0.000,0.000,0.000,0.000,0.000,0.000,1.000,0.000,0.000,0.000,0.000,0.000,0.000,0.750,0.000,1.000,1.000,1.000,1.000,1.000,1.000,1.000,0.000,0.750,1.000,0.000,0.000,0.000,0.000,0.000,0.000,0.000,0.750,0.000,1.000,1.000,1.000,1.000,1.000,0.500,1.000,1.000,1.000,1.000,0.500,0.000,1.000,1.000,1.000,1.000,1.000,1.000,1.000,1.000,1.000,1.000,1.000,0.500,0.000,0.000,0.000,0.750,1.000,0.000,0.750,0.000,1.000,1.000,1.000,0.000,0.000,0.250,0.000,1.000,1.000,0.000,0.000,0.000,1.000,1.000,1.000,1.000,0.000,1.000,1.000,1.000,1.000,1.000,0.000,0.750,0.250,0.000,0.000,0.000,1.000,1.000,1.000,1.000,1.000,1.000,0.000,0.500,0.000,0.500,1.000,0.000,0.000,1.000,1.000,1.000,1.000,1.000,1.000,1.000,1.000,1.000,1.000,1.000,1.000,1.000,1.000,1.000,1.000,1.000,1.000,1.000,1.000,1.000,0.000,0.000,0.000,0.000,1.000,1.000,1.000,1.000,1.000,1.000,1.000,1.000,1.000,1.000,1.000,1.000,1.000,0.000,0.500
Est-il microscopique ou très petit ?,0.000,0.000,0.000,0.000,0.000,0.000,0.000,0.000,0.000,0.000,0.750,0.000,0.000,0.000,0.500,0.000,0.500,0.000,0.000,0.000,0.000,0.000,0.000,0.000,0.000,0.000,0.000,0.000,0.000,0.000,0.000,0.000,0.000,0.000,0.000,0.000,0.000,0.000,0.000,0.000,0.000,0.250,0.000,0.000,0.000,0.500,0.000,0.000,0.250,0.000,0.000,0.000,0.000,0.000,0.250,0.000,0.000,0.000,0.000,0.000,0.000,0.000,0.000,0.750,0.000,0.250,0.000,0.000,0.000,0.000,0.000,0.750,0.250,0.000,0.500,0.500,0.250,0.750,1.000,0.250,0.750,0.000,0.000,0.250,0.000,0.000,0.750,0.000,0.000,0.000,0.000,0.000,0.000,0.000,0.000,0.000,0.000,0.000,0.000,0.000,0.000,0.000,0.000,0.000,0.250,0.000,0.000,0.000,0.000,0.000,0.000,0.000,0.000,0.000,0.000,0.000,0.500,0.000,0.000,0.000,0.000,0.000,0.000,0.000,0.000,0.000,0.000,0.000,0.250,0.000,0.000,0.000,0.000,0.000,0.000,0.000,0.000,0.250,1.000,0.000,0.000,0.950,0.500,0.500,0.000,0.000,1.000,1.000,1.000,0.000,0.000,0.750,0.750,0.000,1.000,0.950,0.950,0.000,0.000,0.000,0.000,0.000,0.500,0.000,0.000,0.000,1.000,0.500,0.000,0.750,0.750,0.000,0.000,0.000,0.000,0.000,0.000
Est-il impressionnant par sa taille ?,0.500,0.000,1.000,0.500,0.000,0.250,0.750,0.000,0.250,0.000,0.000,0.000,0.250,0.250,0.250,0.500,0.250,0.750,1.000,1.000,0.250,0.750,1.000,0.950,0.750,0.000,0.250,1.000,0.000,1.000,1.000,1.000,1.000,0.750,0.250,0.000,0.000,0.500,0.250,1.000,0.500,1.000,0.500,0.000,0.250,0.000,0.000,0.000,0.250,0.250,0.000,0.250,0.750,0.250,0.250,0.750,1.000,1.000,0.250,0.500,1.000,1.000,1.000,0.750,0.500,0.750,0.250,0.750,0.250,0.500,0.750,0.000,0.000,0.500,0.750,0.750,0.000,0.000,0.000,0.500,0.000,0.250,0.000,0.000,0.250,0.000,0.000,0.500,1.000,0.950,0.750,0.250,0.000,0.950,0.500,0.950,0.500,0.000,0.000,0.750,0.000,0.750,1.000,0.250,0.000,0.000,0.500,0.950,0.000,0.250,0.250,0.250,0.000,0.250,0.750,0.250,0.000,0.500,0.500,0.250,0.000,0.750,0.750,1.000,0.250,0.250,0.250,0.000,0.000,0.750,0.250,0.000,1.000,0.500,0.000,0.500,0.500,0.250,0.250,0.000,0.250,0.000,0.250,0.500,0.000,1.000,0.250,0.000,0.000,0.250,0.000,0.000,0.500,0.000,0.000,0.000,0.000,0.000,1.000,0.250,0.000,0.250,0.250,0.000,0.500,0.000,0.000,0.000,0.750,0.000,0.000,0.250,0.000,0.000,0.750,1.000,0.750
Est-il généralement considéré comme mignon ?,1.000,1.000,0.000,0.000,0.900,0.750,1.000,0.500,1.000,1.000,1.000,0.250,0.750,0.950,0.750,1.000,0.900,0.250,0.750,1.000,1.000,0.750,0.000,0.000,0.250,0.000,0.000,0.000,0.750,0.000,0.000,0.250,0.000,0.000,0.500,1.000,0.750,0.000,0.750,0.500,0.500,0.750,0.750,0.900,0.750,1.000,0.000,0.000,0.750,0.250,0.950,1.000,0.000,0.750,0.500,1.000,0.250,0.250,0.950,0.950,0.850,0.000,0.750,0.750,1.000,1.000,0.750,0.000,1.000,0.000,0.000,0.250,0.000,0.750,0.500,0.750,0.250,0.750,0.250,0.000,0.750,0.750,0.250,0.500,0.750,0.250,0.750,0.250,0.250,0.250,0.000,0.250,0.250,0.000,0.500,0.500,0.500,0.000,0.900,0.500,0.900,0.000,0.750,0.750,0.500,0.500,0.000,0.250,0.750,0.250,0.950,0.950,0.000,0.750,0.000,0.900,1.000,0.750,0.000,0.000,0.250,0.500,0.500,0.000,0.000,0.750,1.000,0.950,1.000,1.000,0.750,0.750,0.250,0.500,0.000,0.000,0.000,0.000,0.250,0.000,0.000,0.000,0.250,0.750,1.000,0.750,0.950,1.000,0.500,0.950,0.000,0.250,0.250,0.000,0.000,0.000,0.250,0.750,0.500,0.000,0.500,0.250,0.950,1.000,0.500,0.000,0.250,0.250,0.500,0.000,0.000,0.000,0.000,0.000,0.250,0.750,0.750
Est-il souvent source de peur ou de dégoût ?,0.850,0.500,0.750,0.500,0.250,0.250,0.950,0.500,0.750,0.750,0.500,0.950,0.500,0.500,0.750,0.250,0.750,0.950,0.950,0.000,0.250,0.250,0.750,1.000,0.950,0.950,0.750,1.000,0.250,0.500,0.750,0.750,0.000,0.750,0.000,0.000,0.750,0.750,0.250,0.750,0.500,0.500,0.250,0.500,0.250,0.500,0.750,0.500,0.500,0.750,0.750,0.250,0.000,0.750,0.750,0.000,0.000,1.000,0.500,0.750,0.750,1.000,0.000,0.250,0.250,0.750,0.000,0.750,0.000,0.750,0.250,0.750,0.000,0.500,0.500,0.250,0.500,0.500,0.500,0.500,0.250,0.750,0.950,1.000,0.250,0.250,0.500,0.950,1.000,0.750,0.750,1.000,1.000,0.950,0.250,1.000,0.750,1.000,0.750,0.250,0.500,0.000,0.250,0.000,0.000,0.250,0.250,0.000,0.500,0.000,0.000,0.000,0.900,0.500,0.250,0.000,0.500,0.000,0.250,0.500,0.750,0.750,0.950,0.000,0.000,0.750,0.500,0.500,0.000,0.000,0.000,0.500,0.500,0.500,0.500,0.750,0.500,1.000,0.000,0.950,0.950,0.750,0.250,0.750,0.500,0.250,0.250,0.750,1.000,0.000,1.000,0.950,0.950,0.950,0.750,0.950,0.950,0.250,1.000,0.250,0.500,0.950,0.250,0.500,0.250,0.500,0.750,0.750,0.500,1.000,0.950,0.500,0.000,1.000,0.500,0.000,0.000
Peut-il vivre hors de son milieu naturel ?,1.000,1.000,1.000,0.750,1.000,0.750,0.750,0.750,0.750,0.950,0.750,0.500,0.250,0.500,0.250,0.750,0.750,0.250,0.750,0.500,0.250,0.000,0.250,0.750,0.750,0.250,0.250,0.000,0.750,0.750,0.250,0.750,0.750,0.500,0.750,0.250,0.750,0.500,0.750,0.250,0.750,0.500,0.250,0.500,0.750,0.000,0.250,0.500,0.750,0.250,0.750,0.250,0.000,0.500,0.250,0.000,0.250,0.000,0.000,0.000,0.000,0.250,0.000,0.250,0.000,0.250,0.000,0.000,0.250,0.000,0.000,0.500,0.250,0.000,0.250,0.500,0.250,0.500,0.000,0.000,0.250,0.750,0.750,0.750,0.750,0.750,0.750,0.500,0.000,0.750,0.750,0.250,0.750,0.250,1.000,0.500,0.750,0.500,1.000,1.000,0.750,0.750,0.750,0.750,0.250,0.500,0.750,0.750,1.000,1.000,0.750,0.750,1.000,0.750,1.000,0.750,0.250,0.750,0.500,0.500,0.250,0.250,0.000,0.000,0.000,0.500,0.750,0.750,0.500,0.250,0.000,0.250,0.250,0.750,0.750,0.000,0.000,0.250,0.000,0.250,0.000,0.000,0.750,0.250,0.750,0.000,0.500,0.250,0.250,0.500,0.000,1.000,0.750,0.750,0.750,0.250,0.000,0.750,0.250,0.750,0.500,0.000,0.500,0.250,0.250,1.000,0.250,0.500,0.250,0.950,0.750,0.250,0.000,0.000,1.000,0.750,0.500
Est-il principalement connu pour voler ?,0.000,0.000,0.000,0.000,0.000,0.000,0.000,0.000,0.000,0.000,0.000,0.000,0.000,0.000,0.000,0.000,0.500,0.000,0.000,0.000,0.000,0.000,0.000,0.000,0.000,0.000,0.000,0.000,0.250,0.000,0.000,0.000,0.000,0.000,0.000,0.000,0.000,0.000,0.000,0.000,0.000,0.000,0.000,0.500,0.250,0.000,0.000,0.250,0.000,0.000,0.500,0.000,0.000,0.500,0.000,0.000,0.000,0.000,0.000,0.000,0.000,0.000,0.250,0.000,0.000,0.000,0.000,0.000,0.000,0.000,0.000,0.000,0.000,0.000,0.000,0.000,0.000,0.000,0.000,0.000,0.000,0.000,0.000,0.000,0.000,0.000,0.000,0.000,0.000,0.000,0.000,0.000,0.000,0.000,0.000,0.000,0.000,1.000,0.250,0.000,0.000,1.000,0.000,0.000,0.250,0.500,0.250,1.000,0.950,0.950,0.950,0.750,1.000,0.250,0.500,0.500,0.750,0.500,1.000,1.000,1.000,0.950,1.000,1.000,1.000,1.000,0.750,0.950,1.000,0.750,0.000,0.000,1.000,1.000,0.950,0.250,0.250,0.750,0.750,0.750,0.000,0.000,0.000,0.250,0.000,0.250,0.000,0.950,0.000,1.000,1.000,1.000,0.000,0.000,0.000,0.000,0.250,0.000,0.000,0.000,0.250,0.000,0.000,0.000,0.250,0.250,0.750,0.000,0.000,0.000,0.000,0.000,0.000,0.000,0.000,0.000,0.000
Est-il principalement connu pour nager ?,0.225,0.000,0.000,0.000,0.000,0.000,0.000,0.000,0.000,0.000,0.000,0.750,0.000,0.950,0.500,1.000,0.000,0.000,0.250,0.000,0.000,0.000,0.000,0.000,0.000,0.000,0.000,0.000,0.000,0.000,0.000,0.500,0.000,0.000,0.000,0.000,0.000,0.000,0.500,0.000,0.000,0.000,0.000,0.000,0.000,0.000,0.500,0.250,0.000,0.250,0.250,0.750,1.000,0.750,0.250,1.000,0.950,1.000,1.000,0.950,0.950,1.000,1.000,0.950,1.000,1.000,0.000,0.000,0.000,0.250,0.250,0.500,0.500,0.750,0.950,0.500,0.000,0.000,0.000,0.000,0.000,0.950,0.250,0.500,0.750,0.000,0.000,0.250,0.000,0.250,0.000,0.000,0.250,0.950,0.500,1.000,0.000,0.000,0.000,0.000,0.750,0.750,0.000,0.500,0.000,0.000,0.000,1.000,0.000,0.000,0.000,0.000,0.000,0.000,0.000,0.000,0.000,0.000,0.000,0.000,0.000,0.000,0.000,0.000,0.000,0.000,0.000,0.000,0.250,0.750,1.000,0.950,0.000,0.250,0.250,0.250,1.000,0.000,0.000,0.000,0.000,0.000,0.000,0.000,0.000,0.000,0.000,0.000,0.000,0.250,0.250,0.000,0.000,0.000,0.000,0.000,0.000,0.000,0.250,0.000,0.000,0.000,0.000,0.500,0.000,0.000,0.000,0.000,0.000,0.000,0.000,0.000,0.000,0.950,0.500,0.250,0.250
Est-il principalement connu pour ramper ?,0.225,1.000,0.000,0.000,0.000,0.000,1.000,0.000,0.000,1.000,0.500,0.750,1.000,0.000,1.000,0.750,0.250,0.000,0.000,1.000,0.950,0.000,0.000,0.000,0.000,0.000,0.000,0.000,0.000,0.000,0.500,0.000,0.000,0.000,0.000,0.000,0.000,0.500,0.250,0.500,0.500,0.750,0.250,0.500,0.250,1.000,0.250,0.750,0.000,1.000,0.000,0.500,0.000,0.000,0.000,0.000,0.000,0.000,0.500,0.500,0.250,0.000,0.000,0.250,0.000,0.000,1.000,0.000,0.250,1.000,1.000,0.750,0.000,0.750,0.000,0.000,1.000,1.000,1.000,0.000,0.250,0.250,0.750,0.750,0.000,0.000,0.750,1.000,1.000,1.000,0.950,0.500,1.000,0.950,1.000,0.000,0.500,0.000,0.000,0.000,0.750,0.000,0.000,0.000,0.000,0.000,0.000,0.000,0.000,0.000,0.000,0.000,0.000,0.000,0.000,0.000,0.000,0.000,0.000,0.000,0.000,0.000,0.000,0.000,0.000,0.000,0.000,0.000,0.000,0.000,0.250,0.000,0.000,0.000,0.000,0.000,0.000,0.000,0.000,0.000,0.000,1.000,0.750,0.750,0.000,0.750,0.000,0.000,1.000,0.000,0.250,0.000,1.000,0.250,0.250,1.000,1.000,0.000,0.250,0.000,0.500,0.750,0.000,0.250,0.750,0.000,0.000,0.500,0.000,0.750,1.000,0.750,1.000,1.000,0.000,0.000,0.000
Est-il un primate ?,0.000,0.000,0.000,0.000,0.000,0.000,0.000,0.000,0.000,0.000,0.000,0.000,0.000,0.000,0.000,0.000,0.000,0.000,0.000,0.000,0.000,0.000,0.000,0.000,0.000,0.000,0.000,0.000,0.000,0.000,0.000,0.000,0.000,0.000,0.000,0.000,1.000,1.000,1.000,1.000,1.000,1.000,1.000,0.950,1.000,0.000,0.000,0.000,0.000,0.000,0.000,0.000,0.000,0.000,0.000,0.000,0.000,0.000,0.000,0.000,0.000,0.000,0.000,0.000,0.000,0.000,0.000,0.000,0.000,0.000,0.000,0.000,0.000,0.000,0.000,0.000,0.000,0.000,0.000,0.000,0.000,0.000,0.000,0.000,0.000,0.000,0.000,0.000,0.000,0.000,0.000,0.000,0.000,0.000,0.000,0.000,0.000,0.000,0.000,0.000,0.000,0.000,0.000,0.000,0.000,0.000,0.000,0.000,0.000,0.000,0.000,0.000,0.000,0.000,0.000,0.000,0.000,0.000,0.000,0.000,0.000,0.000,0.000,0.000,0.000,0.000,0.000,0.000,0.000,0.000,0.000,0.000,0.000,0.000,0.000,0.000,0.000,0.000,0.000,0.000,0.000,0.000,0.000,0.000,0.000,0.000,0.000,0.000,0.000,0.000,0.000,0.000,0.000,0.000,0.000,0.000,0.000,0.000,0.000,0.000,0.000,0.000,0.000,0.000,0.000,0.000,0.000,0.000,0.000,0.000,0.000,0.000,0.000,0.000,1.000,0.000,0.000
Est-il un rongeur ?,0.000,0.000,0.000,0.000,0.000,0.000,0.000,0.000,0.550,1.000,1.000,1.000,0.000,0.000,0.000,0.000,0.000,0.000,0.000,0.000,0.000,0.000,0.000,0.000,0.000,0.000,0.000,0.000,0.000,0.000,0.000,0.000,0.000,0.000,0.000,0.000,0.000,0.000,0.000,0.000,0.000,0.000,0.000,0.000,0.000,0.000,0.000,0.000,0.000,0.000,0.000,1.000,1.000,0.250,0.000,0.000,0.000,0.000,0.000,0.000,0.000,0.000,0.000,0.000,0.000,0.000,0.000,0.000,0.000,0.000,0.000,0.000,0.000,0.000,0.000,0.000,0.000,0.000,0.000,0.000,0.000,0.000,0.000,0.000,0.000,0.000,0.000,0.000,0.000,0.000,0.000,0.000,0.000,0.000,0.000,0.000,0.000,0.000,0.000,0.000,0.000,0.000,0.000,0.000,0.000,0.000,0.000,0.000,0.000,0.000,0.000,0.000,0.000,0.000,0.000,0.000,0.000,0.000,0.000,0.000,0.000,0.000,0.000,0.000,0.000,0.000,0.000,0.000,0.000,0.000,0.000,0.000,0.000,0.000,0.000,0.000,0.000,0.000,0.000,0.000,0.000,0.000,0.000,0.000,0.000,0.000,0.000,0.000,0.000,0.000,0.000,0.000,0.000,0.000,0.000,0.000,0.000,0.000,0.000,0.000,0.000,0.000,0.000,0.000,0.000,0.000,0.000,0.000,0.000,0.000,0.000,0.000,0.000,0.000,0.000,0.000,0.000
Vit-il dans la savane ?,0.000,0.000,1.000,1.000,0.500,0.250,0.000,0.000,0.000,0.000,0.500,0.500,0.000,0.000,0.250,0.000,0.750,0.250,0.000,0.000,0.000,0.750,1.000,0.000,1.000,0.000,0.750,0.750,0.000,0.750,0.500,0.500,1.000,0.750,0.750,1.000,0.500,1.000,0.000,0.000,0.250,0.000,0.000,0.000,0.000,0.000,0.000,0.250,0.000,0.000,0.750,0.000,0.000,0.000,0.000,0.000,0.000,0.000,0.000,0.000,0.000,0.000,0.000,0.000,0.000,0.000,0.000,0.000,0.000,0.000,0.000,0.000,0.000,0.000,0.000,0.000,0.000,0.000,0.000,0.000,0.000,0.500,0.000,0.000,0.000,0.250,0.000,0.750,0.250,0.250,0.750,0.000,0.250,0.000,0.000,0.250,0.500,0.500,0.000,0.000,0.250,0.250,0.000,0.000,0.750,0.000,0.000,0.000,0.750,0.000,0.500,0.500,0.500,0.000,0.000,0.250,0.500,0.000,0.250,0.750,0.500,0.000,1.000,0.000,0.000,0.250,0.250,0.000,0.000,0.250,0.000,0.000,0.000,0.000,0.000,0.000,0.000,0.000,0.000,0.500,0.000,1.000,0.500,0.750,0.000,0.000,0.000,0.500,0.000,0.000,0.500,0.500,0.750,0.750,0.000,0.500,0.250,0.000,0.000,0.250,0.500,1.000,1.000,0.000,0.250,1.000,0.750,0.250,0.000,0.750,0.000,0.250,0.000,0.000,0.750,0.000,0.500
Vit-il dans le désert ?,0.000,0.000,0.000,0.000,0.000,0.000,0.000,0.750,0.000,0.000,0.000,1.000,0.000,0.000,0.000,0.000,1.000,0.000,0.000,0.000,0.000,0.500,0.250,0.000,0.750,0.000,1.000,0.000,0.000,0.000,0.000,0.000,0.000,0.750,0.750,0.500,0.000,0.000,0.000,0.000,0.000,0.000,0.000,0.000,0.000,0.500,0.000,0.000,0.000,0.000,0.500,0.000,0.000,0.000,0.750,0.000,0.000,0.000,0.000,0.000,0.000,0.000,0.000,0.000,0.000,0.000,0.000,0.000,0.000,0.000,0.000,0.000,0.000,0.000,0.000,0.000,0.000,0.000,0.000,0.000,0.000,0.000,0.000,0.000,0.000,0.000,0.750,1.000,0.750,0.250,0.500,1.000,0.500,0.000,0.500,0.250,0.750,1.000,0.000,0.500,0.000,0.000,0.000,0.000,0.000,0.500,0.000,0.000,0.000,0.000,0.000,0.000,0.500,0.000,0.000,0.000,0.250,0.000,0.500,0.750,0.500,0.000,0.750,0.750,0.000,0.500,0.000,0.000,0.000,0.000,0.000,0.000,0.000,0.000,0.000,0.000,0.000,0.000,0.500,0.500,0.750,0.500,0.250,1.000,0.500,0.000,0.000,0.500,0.250,0.000,0.000,0.000,0.500,1.000,0.000,0.000,0.000,0.000,0.000,1.000,1.000,0.750,0.750,0.000,1.000,0.000,0.500,0.000,0.250,0.000,1.000,0.000,0.000,0.000,0.500,1.000,0.000
Existe-il des individus de couleurs différentes ?,1.000,1.000,0.750,1.000,0.750,1.000,1.000,1.000,1.000,1.000,1.000,0.750,1.000,0.500,0.750,0.750,1.000,1.000,1.000,0.000,1.000,1.000,1.000,0.750,1.000,1.000,1.000,0.750,1.000,0.750,0.000,0.000,1.000,0.000,1.000,1.000,1.000,1.000,1.000,0.000,1.000,0.000,0.750,1.000,1.000,1.000,0.500,1.000,1.000,0.500,1.000,1.000,0.250,0.000,0.500,0.750,1.000,1.000,0.750,1.000,1.000,1.000,0.750,1.000,1.000,0.900,0.750,1.000,0.750,1.000,0.750,0.750,1.000,1.000,1.000,1.000,1.000,1.000,0.500,1.000,0.750,1.000,1.000,0.750,1.000,1.000,1.000,1.000,1.000,1.000,1.000,1.000,1.000,0.500,1.000,0.750,0.750,1.000,1.000,1.000,1.000,1.000,0.750,1.000,1.000,1.000,1.000,1.000,1.000,1.000,1.000,0.500,0.500,0.750,0.750,0.750,1.000,0.750,1.000,0.750,0.750,1.000,0.750,1.000,1.000,1.000,0.750,1.000,1.000,1.000,1.000,1.000,1.000,1.000,1.000,0.750,0.750,0.750,1.000,1.000,1.000,1.000,0.250,1.000,0.750,0.000,0.900,1.000,0.500,1.000,1.000,1.000,0.750,1.000,0.500,1.000,1.000,0.750,1.000,1.000,0.750,0.000,0.000,1.000,1.000,1.000,0.750,0.750,1.000,1.000,1.000,0.500,0.750,0.000,1.000,1.000,0.500
Peut-il être de couleur unie ?,1.000,1.000,1.000,1.000,1.000,1.000,1.000,1.000,1.000,1.000,1.000,1.000,1.000,1.000,0.250,1.000,0.000,0.500,0.750,0.000,1.000,0.000,0.000,0.000,0.000,1.000,0.000,0.000,0.000,0.000,0.000,1.000,0.000,0.000,0.000,0.000,1.000,0.250,0.250,0.000,0.000,0.500,1.000,1.000,0.750,0.500,0.250,0.750,0.000,1.000,0.750,1.000,1.000,1.000,0.500,0.000,0.750,0.000,0.000,0.000,0.500,0.750,0.000,0.250,0.500,1.000,1.000,0.750,0.750,1.000,0.000,1.000,0.750,1.000,1.000,1.000,0.500,1.000,0.500,1.000,0.500,1.000,1.000,0.750,0.750,1.000,1.000,1.000,0.250,1.000,1.000,0.250,1.000,0.250,1.000,0.250,1.000,0.750,1.000,0.500,1.000,1.000,0.250,0.750,0.750,0.000,0.000,1.000,1.000,1.000,1.000,0.000,1.000,1.000,0.000,0.250,0.500,0.000,0.250,0.750,0.500,0.750,0.250,1.000,1.000,1.000,1.000,1.000,0.000,0.000,0.000,0.000,0.000,0.500,0.250,0.750,0.500,0.500,0.000,0.500,0.000,1.000,1.000,1.000,0.000,0.750,0.500,1.000,0.750,0.250,0.000,0.500,0.750,1.000,1.000,0.750,1.000,0.500,0.500,0.500,0.000,0.000,0.250,0.000,1.000,1.000,1.000,0.250,0.750,1.000,0.500,1.000,0.750,1.000,0.500,0.250,0.750
Peut-il être de couleur beige ou marron ?,1.000,1.000,1.000,0.750,1.000,0.500,0.500,1.000,1.000,1.000,1.000,0.750,0.750,0.750,1.000,0.750,0.750,0.750,0.750,0.000,0.000,0.000,0.000,0.750,1.000,0.750,0.000,1.000,0.500,0.000,0.000,0.000,0.250,0.000,0.500,0.750,0.500,1.000,0.500,0.250,0.250,0.250,0.000,0.000,1.000,0.750,0.250,0.000,1.000,1.000,1.000,0.250,0.000,1.000,1.000,0.250,0.250,0.750,0.250,0.750,0.750,0.750,0.500,0.000,0.500,0.750,0.750,0.750,0.750,0.750,0.250,0.750,0.500,0.500,0.500,1.000,0.750,0.750,0.500,0.750,0.500,0.500,0.500,0.500,0.250,0.750,1.000,0.750,1.000,0.750,0.750,1.000,1.000,1.000,0.750,1.000,0.750,0.750,0.750,0.000,0.750,0.750,0.250,1.000,0.750,0.250,0.000,0.500,0.750,1.000,0.500,0.750,0.000,0.000,0.250,0.750,0.250,0.000,0.250,0.250,0.750,0.250,0.500,0.000,0.750,0.500,0.750,1.000,0.250,0.000,0.000,1.000,0.000,0.750,0.500,0.000,0.500,0.750,0.750,0.750,0.000,1.000,0.750,0.500,0.000,0.500,0.500,1.000,0.500,0.250,0.750,0.750,0.750,1.000,0.750,1.000,1.000,0.750,0.750,0.750,1.000,1.000,0.000,0.250,0.500,0.500,0.750,0.500,0.750,0.500,0.750,0.750,0.750,0.500,1.000,1.000,0.250
Peut-il être de couleur blanche ?,1.000,1.000,1.000,0.750,1.000,1.000,1.000,1.000,0.750,1.000,0.500,1.000,0.750,0.750,0.250,0.000,0.750,1.000,0.500,1.000,0.250,0.250,1.000,0.750,0.750,0.000,1.000,1.000,0.250,1.000,1.000,0.500,0.750,0.000,0.750,1.000,1.000,0.000,0.000,0.250,0.500,0.250,0.000,0.000,0.000,0.750,0.000,0.000,0.500,0.000,0.750,0.500,0.000,0.000,0.000,0.750,0.250,1.000,0.750,0.500,1.000,0.750,0.000,1.000,0.000,1.000,0.750,0.000,0.750,1.000,0.750,0.000,0.250,0.750,0.750,0.250,0.500,0.750,0.250,0.750,0.250,0.500,0.750,0.750,0.250,1.000,0.500,1.000,0.250,1.000,0.500,0.000,1.000,0.250,0.750,0.250,0.750,1.000,1.000,0.750,1.000,1.000,1.000,1.000,0.250,1.000,1.000,1.000,1.000,1.000,1.000,1.000,1.000,0.250,0.750,1.000,0.000,0.000,0.750,0.750,0.750,1.000,1.000,0.000,1.000,1.000,0.500,1.000,0.250,1.000,1.000,1.000,1.000,1.000,0.500,1.000,0.000,0.000,0.000,0.000,0.250,1.000,1.000,0.250,0.250,0.000,0.000,1.000,0.750,0.250,0.000,0.500,1.000,0.250,0.500,0.250,0.000,0.000,1.000,1.000,0.750,1.000,0.500,0.500,0.500,0.500,0.000,0.750,0.250,0.000,0.500,0.000,0.250,0.000,1.000,0.750,1.000
Peut-il être de couleur noir ?,1.000,1.000,0.750,1.000,1.000,0.500,1.000,0.750,1.000,1.000,1.000,0.750,0.750,0.750,0.500,0.250,0.750,1.000,1.000,1.000,0.000,1.000,0.500,0.000,0.750,1.000,0.000,0.000,1.000,0.000,1.000,1.000,0.000,0.000,0.000,0.500,1.000,0.500,0.000,0.000,0.750,1.000,0.000,1.000,0.500,0.500,0.750,0.250,0.750,1.000,1.000,1.000,1.000,0.000,0.000,0.000,1.000,1.000,0.750,0.500,0.000,1.000,0.000,1.000,0.000,0.500,0.000,0.750,0.500,1.000,0.250,0.000,1.000,1.000,0.750,0.750,1.000,0.500,0.500,1.000,0.500,0.750,0.750,0.750,1.000,1.000,1.000,1.000,0.250,1.000,0.750,1.000,1.000,0.000,1.000,0.750,1.000,0.750,1.000,1.000,1.000,0.500,0.000,0.500,0.000,1.000,0.000,1.000,1.000,1.000,0.750,0.250,0.750,1.000,1.000,0.750,0.000,1.000,1.000,1.000,0.750,1.000,1.000,1.000,0.500,1.000,1.000,1.000,0.000,1.000,1.000,0.000,1.000,1.000,1.000,0.250,0.750,1.000,1.000,1.000,0.000,1.000,0.750,1.000,0.750,0.000,0.750,1.000,1.000,0.750,1.000,0.750,1.000,0.750,0.750,0.750,0.750,1.000,0.500,1.000,0.500,0.000,0.000,0.000,1.000,1.000,0.000,0.000,0.750,1.000,0.500,0.250,0.000,0.500,1.000,0.750,0.250
Peut-il être tacheté sur le corps ?,1.000,1.000,0.750,0.000,0.750,1.000,1.000,0.750,0.750,1.000,1.000,1.000,1.000,1.000,0.500,1.000,1.000,1.000,1.000,1.000,0.000,1.000,1.000,1.000,1.000,1.000,1.000,1.000,1.000,1.000,0.000,0.000,1.000,0.000,0.500,1.000,0.750,0.750,0.750,0.250,0.500,1.000,0.000,0.000,1.000,0.000,0.000,1.000,0.500,0.000,0.750,1.000,0.000,1.000,0.000,1.000,1.000,0.000,0.250,1.000,1.000,1.000,1.000,1.000,1.000,1.000,1.000,0.750,0.250,0.750,0.250,0.750,1.000,1.000,0.000,1.000,0.500,0.750,1.000,0.000,1.000,1.000,0.750,1.000,1.000,1.000,1.000,1.000,1.000,1.000,0.750,1.000,1.000,0.750,1.000,1.000,1.000,0.500,1.000,1.000,1.000,0.500,1.000,0.750,0.000,1.000,1.000,0.000,1.000,1.000,1.000,0.500,0.750,0.000,0.750,0.500,0.750,1.000,1.000,1.000,0.750,1.000,0.250,0.000,0.500,0.750,1.000,1.000,1.000,0.750,1.000,1.000,0.750,0.250,0.750,1.000,0.000,1.000,1.000,1.000,0.900,1.000,1.000,0.750,1.000,0.750,0.500,1.000,0.750,1.000,1.000,1.000,1.000,0.750,0.250,0.500,0.750,0.750,1.000,1.000,1.000,1.000,1.000,0.750,1.000,1.000,0.750,1.000,0.000,0.000,0.000,0.000,0.250,0.250,0.000,1.000,0.500
Peut-on le trouver en Europe à l’état naturel ?,0.000,1.000,1.000,1.000,1.000,1.000,0.500,0.000,0.000,0.000,1.000,1.000,1.000,0.750,0.750,1.000,1.000,0.750,0.750,0.000,0.000,0.000,0.000,0.000,0.750,0.000,0.000,0.000,1.000,0.000,0.000,0.250,0.000,0.000,0.500,1.000,0.000,0.000,0.750,0.000,0.000,0.250,0.000,0.000,0.000,1.000,0.000,0.250,1.000,1.000,1.000,1.000,0.750,0.500,0.000,1.000,0.750,1.000,0.750,1.000,1.000,0.750,0.750,1.000,0.000,1.000,1.000,1.000,1.000,0.750,1.000,0.750,0.750,1.000,1.000,0.750,1.000,1.000,0.250,1.000,0.250,0.750,1.000,1.000,0.000,0.750,0.750,1.000,0.000,0.750,0.000,0.500,1.000,0.000,0.750,1.000,0.750,1.000,0.250,0.750,1.000,1.000,0.250,0.000,1.000,1.000,0.250,1.000,0.750,0.750,0.750,0.750,1.000,1.000,0.750,0.750,1.000,0.000,0.750,1.000,0.750,1.000,0.750,0.000,1.000,1.000,1.000,0.000,0.750,1.000,0.000,0.000,0.250,1.000,0.500,1.000,1.000,1.000,1.000,1.000,1.000,1.000,0.000,0.750,1.000,1.000,1.000,1.000,1.000,1.000,1.000,1.000,1.000,1.000,0.750,1.000,1.000,1.000,0.000,0.000,0.000,0.250,0.000,0.750,0.750,1.000,1.000,0.750,1.000,0.250,1.000,1.000,1.000,1.000,0.000,0.500,0.000
Est-ce un animal spécifique d’une région du globe ?,0.250,0.000,0.000,0.000,0.000,0.000,0.000,0.750,0.250,0.250,0.250,0.000,0.000,0.000,0.750,0.000,0.000,0.000,0.000,1.000,0.750,1.000,0.000,1.000,0.250,0.500,0.000,1.000,0.250,0.500,0.250,0.250,1.000,0.000,0.500,0.250,1.000,0.000,0.500,0.750,0.750,1.000,1.000,0.750,1.000,0.500,1.000,1.000,0.750,0.250,0.250,0.500,0.750,0.000,0.500,0.000,0.500,0.000,0.000,0.750,1.000,0.000,0.250,0.000,0.750,0.500,0.500,0.000,0.500,0.500,0.250,0.500,0.500,0.500,0.250,0.250,0.000,0.000,0.000,0.000,0.500,0.250,0.500,0.500,1.000,1.000,0.500,0.000,0.750,0.500,0.250,0.250,0.000,0.000,0.250,0.000,0.000,0.750,0.000,0.250,0.000,0.500,0.000,0.750,0.250,0.500,0.500,0.000,0.000,0.000,0.250,0.250,0.000,0.250,0.000,0.000,0.000,0.250,0.000,0.250,0.000,0.750,0.250,0.750,0.000,0.500,0.250,0.000,0.750,0.000,0.750,0.750,0.250,0.500,0.250,0.250,0.000,0.000,0.250,0.000,0.500,0.000,0.500,0.500,0.000,0.750,0.500,0.000,0.500,0.750,0.250,0.000,0.250,0.500,0.000,0.250,0.500,0.000,0.500,0.000,1.000,0.000,1.000,0.500,0.500,0.000,0.750,0.000,0.250,0.500,0.250,0.500,0.500,0.000,0.250,0.500,0.000
Peut-on le reconnaître grâce à un bruit caractéristique qu’il fait ?,0.750,0.750,0.750,0.750,0.750,0.750,1.000,1.000,0.750,0.250,0.750,0.750,0.750,1.000,0.500,0.750,0.750,0.750,0.750,0.000,0.500,0.500,0.750,1.000,0.500,0.500,0.750,0.750,0.750,1.000,0.000,0.750,0.750,0.750,0.750,0.500,1.000,0.500,0.750,0.500,0.750,0.750,0.750,0.500,0.250,0.250,0.250,0.500,0.250,0.500,0.750,1.000,0.750,0.750,0.250,0.750,0.750,0.500,1.000,1.000,1.000,0.000,0.500,0.000,0.250,0.000,0.000,0.000,0.000,0.000,0.000,0.250,0.500,0.000,0.500,0.500,0.000,0.000,0.250,0.000,0.500,0.750,0.250,0.500,0.250,0.000,1.000,0.000,0.750,0.000,0.000,0.000,0.000,0.000,0.000,0.750,0.250,1.000,0.750,1.000,0.750,0.750,0.750,1.000,0.750,1.000,0.750,0.500,0.750,0.750,0.750,1.000,0.750,1.000,0.750,0.750,1.000,0.750,0.500,0.750,1.000,0.750,0.750,0.500,1.000,0.750,0.750,0.750,0.750,0.750,0.500,0.750,1.000,0.750,0.750,0.500,0.250,0.750,0.500,0.750,0.000,0.000,0.250,0.250,0.000,1.000,0.250,0.000,0.000,0.000,0.750,0.750,0.000,0.000,0.000,0.000,0.000,0.000,0.500,1.000,1.000,0.750,1.000,0.000,1.000,1.000,1.000,0.250,0.250,0.250,0.500,0.500,0.000,0.250,1.000,0.750,0.000
Peut-il être rayé ?,0.500,0.500,0.500,0.500,0.500,0.500,0.500,0.500,0.500,0.500,0.500,0.500,0.500,0.500,0.500,0.500,0.500,0.500,0.500,0.500,0.500,0.500,0.500,0.500,0.500,0.500,0.500,0.500,0.500,0.500,0.500,0.500,0.500,0.500,0.500,0.500,0.500,0.500,0.500,0.500,0.500,0.500,0.500,0.500,0.500,0.500,0.500,0.500,0.500,0.500,0.500,0.500,0.500,0.500,0.500,0.500,0.500,0.500,0.500,0.500,0.500,0.500,0.500,0.500,0.500,0.500,0.500,0.500,0.500,0.500,0.500,0.500,0.500,0.500,0.500,0.500,0.500,0.500,0.500,0.500,0.500,0.500,0.500,0.500,0.500,0.500,0.500,0.500,0.500,0.500,0.500,0.500,0.500,0.500,0.500,0.500,0.500,0.500,0.500,0.500,0.500,0.500,0.500,0.500,0.500,0.500,0.500,0.500,0.500,0.500,0.500,0.500,0.500,0.500,0.500,0.500,0.500,0.500,0.500,0.500,0.500,0.500,0.500,0.500,0.500,0.500,0.500,0.500,0.500,0.500,0.500,0.500,0.500,0.500,0.500,0.500,0.500,0.500,0.500,0.500,0.500,0.500,0.500,0.500,0.500,0.500,0.500,0.500,0.500,0.500,0.500,0.500,0.500,0.500,0.500,0.500,0.500,0.500,0.500,0.500,0.500,0.500,0.500,0.500,0.500,0.500,0.500,0.500,0.500,0.500,0.500,0.500,0.500,0.500,0.500,0.500,0.000
Est-il réel ?,1.000,1.000,1.000,1.000,1.000,1.000,1.000,1.000,1.000,1.000,1.000,1.000,1.000,1.000,1.000,1.000,1.000,1.000,1.000,1.000,1.000,1.000,1.000,1.000,1.000,1.000,1.000,1.000,1.000,1.000,1.000,1.000,1.000,1.000,1.000,1.000,1.000,1.000,1.000,1.000,1.000,1.000,1.000,1.000,1.000,1.000,1.000,1.000,1.000,1.000,1.000,1.000,1.000,1.000,1.000,1.000,1.000,1.000,1.000,1.000,1.000,1.000,1.000,1.000,0.750,0.750,1.000,1.000,1.000,1.000,0.750,1.000,1.000,1.000,1.000,1.000,1.000,1.000,0.000,1.000,1.000,1.000,1.000,1.000,1.000,1.000,1.000,1.000,1.000,1.000,1.000,1.000,1.000,1.000,1.000,1.000,1.000,1.000,1.000,1.000,1.000,1.000,1.000,0.750,1.000,1.000,1.000,1.000,1.000,1.000,1.000,1.000,1.000,1.000,0.000,1.000,1.000,1.000,1.000,1.000,1.000,1.000,1.000,1.000,1.000,1.000,1.000,1.000,1.000,1.000,1.000,1.000,1.000,1.000,1.000,1.000,1.000,1.000,1.000,1.000,1.000,1.000,1.000,1.000,1.000,1.000,1.000,1.000,1.000,1.000,1.000,1.000,1.000,1.000,1.000,1.000,1.000,1.000,0.000,1.000,1.000,1.000,1.000,1.000,1.000,1.000,1.000,1.000,1.000,1.000,1.000,0.750,0.750,1.000,1.000,1.000,0.000
